participant_case_id,reference_code,completion_code,phishing_test_total_correct,phishing_test_percent_correct,knowledge_test_total_correct,knowledge_test_percent_correct,perceived_knowledge,email_trust,perceived_severity,perceived_self_efficacy,perceived_vulnerability,participant_gender,participant_age,education_level,education_other,job_category,job_other,employment_type,employment_other,works_in_it,phishing_victim_count,pk_item_1,pk_item_2,et_item_1,et_item_2,et_item_3,ps_item_1,ps_item_2,ps_item_3,pv_item_1,pv_item_2,pv_item_3,se_item_1,se_item_2,se_item_3,knowledge_q1,knowledge_q2,knowledge_q5,knowledge_q7,knowledge_q9,knowledge_q10,knowledge_q14,knowledge_q15,knowledge_q16,knowledge_q17,phishing_email_5,phishing_email_6,phishing_email_9,phishing_email_10,legitimate_email_4,legitimate_email_5,legitimate_email_7,legitimate_email_10,last_page_viewed,max_pages,survey_quality_flag,hits,misses,false_alarms,correct_rejections,hit_rate,miss_rate,false_alarm_rate,correct_rejection_rate,response_bias,sensitivity,bias_tendency,detection_ability
87,test,1,5.0,63.0,4.0,40.0,2.5,4.0,3.0,3.666666667,2.666666667,Female,54.0,3,,7,,4,,3,1,2,3,4,3,5,2,4,3,2,4,2,3,5,3,1,2,1,1,2,2,1,1,1,2,1,2,1,2,1,2,1,1,24,24,342,2,2,1,3,0.5,0.5,0.25,0.75,-0.25,0.25,Conservative,Medium
89,test,1,5.0,63.0,6.0,60.0,2.0,3.333333333,3.0,4.0,3.333333333,Female,28.0,6,,5,,4,,3,1,2,-9,2,5,3,2,4,3,2,5,3,2,5,5,2,1,1,2,2,1,1,2,1,1,1,2,1,2,1,2,1,1,24,24,355,2,2,1,3,0.5,0.5,0.25,0.75,-0.25,0.25,Conservative,Medium
120,lnkd,1,7.0,88.0,8.0,80.0,4.5,2.666666667,6.0,2.0,4.333333333,Male,22.0,8,,1,,3,,5,2,5,4,3,2,3,6,6,6,5,4,4,2,2,2,1,2,2,2,2,1,2,2,1,1,2,2,2,1,1,1,1,1,24,24,58,3,1,0,4,0.75,0.25,0.0,1.0,-0.25,0.75,Conservative,High
156,mph,1,4.0,50.0,8.0,80.0,6.0,1.0,6.0,6.0,5.0,Female,35.0,8,,11,,4,,1,2,6,6,1,1,1,6,6,6,6,5,4,6,6,6,1,2,2,2,2,2,2,2,2,1,2,2,2,2,2,2,2,2,24,24,26,4,0,4,0,1.0,0.0,1.0,0.0,1.0,0.0,Liberal,Low
159,mph,1,7.0,88.0,9.0,90.0,5.0,3.0,6.0,4.0,3.0,Female,43.0,6,,4,,4,,1,2,5,5,3,3,3,6,6,6,3,3,3,4,4,4,2,2,1,2,2,2,2,2,1,1,2,2,1,2,1,1,1,1,24,24,72,3,1,0,4,0.75,0.25,0.0,1.0,-0.25,0.75,Conservative,High
160,mph,1,3.0,38.0,8.0,80.0,4.0,2.333333333,6.0,4.0,4.666666667,Female,45.0,8,,10,,4,,5,2,4,4,3,2,2,6,6,6,5,5,4,4,4,4,1,2,2,2,2,2,2,2,2,1,2,2,2,1,2,2,2,2,24,24,8,3,1,4,0,0.75,0.25,1.0,0.0,0.75,-0.25,Liberal,Low
161,mph,1,8.0,100.0,8.0,80.0,6.0,1.0,6.0,5.666666667,2.0,Male,37.0,6,,7,,4,,1,2,6,6,1,1,1,6,6,6,2,2,2,5,6,6,1,2,2,2,2,2,2,2,2,1,2,2,2,2,1,1,1,1,24,24,27,4,0,0,4,1.0,0.0,0.0,1.0,0.0,1.0,Neutral,High
174,mph,1,4.0,50.0,9.0,90.0,5.5,1.333333333,6.0,5.0,3.333333333,Female,24.0,7,,1,,2,,5,2,6,5,1,2,1,6,6,6,4,3,3,5,6,4,2,2,1,2,2,2,2,2,1,1,2,2,2,1,1,2,2,2,24,24,3,3,1,3,1,0.75,0.25,0.75,0.25,0.5,0.0,Liberal,Low
181,mph,1,7.0,88.0,5.0,50.0,6.0,1.666666667,6.0,5.0,2.0,Male,38.0,4,,7,,6,,5,2,6,6,1,3,1,6,6,6,3,2,1,5,5,5,1,2,1,1,2,1,2,2,2,1,2,2,2,2,1,2,1,1,24,24,10,4,0,1,3,1.0,0.0,0.25,0.75,0.25,0.75,Liberal,High
182,mph,1,5.0,63.0,10.0,100.0,4.5,1.666666667,5.666666667,5.333333333,5.0,Female,45.0,8,,11,,4,,4,2,5,4,2,2,1,6,5,6,6,3,6,5,5,6,2,2,2,2,2,2,2,2,1,1,2,2,2,1,1,2,1,2,24,24,6,3,1,2,2,0.75,0.25,0.5,0.5,0.25,0.25,Liberal,Medium
185,mph,1,6.0,75.0,8.0,80.0,6.0,2.333333333,6.0,4.333333333,2.333333333,Female,15.0,9,,1,,1,,1,2,6,6,3,1,3,6,6,6,2,3,2,6,4,3,2,2,1,1,2,2,2,2,1,1,2,2,2,2,2,2,1,1,24,24,61,4,0,2,2,1.0,0.0,0.5,0.5,0.5,0.5,Liberal,Medium
193,mph,1,5.0,63.0,8.0,80.0,4.0,1.666666667,6.0,3.0,3.333333333,Female,30.0,7,,10,,4,,5,2,4,4,2,2,1,6,6,6,5,2,3,3,3,3,1,2,2,2,2,2,2,2,2,1,2,2,2,1,1,2,1,2,24,24,1,3,1,2,2,0.75,0.25,0.5,0.5,0.25,0.25,Liberal,Medium
195,mph,1,,,8.0,80.0,6.0,1.0,6.0,6.0,4.0,Female,32.0,7,,4,,4,,4,2,6,6,1,1,1,6,6,6,6,3,3,6,6,6,1,2,2,2,2,2,2,2,2,1,1,2,2,2,2,2,1,1,20,20,15,3,1,2,2,0.75,0.25,0.5,0.5,0.25,0.25,Liberal,Medium
198,frnd,1,4.0,50.0,7.0,70.0,4.0,3.333333333,4.333333333,3.666666667,4.666666667,Male,27.0,8,,10,,6,,5,2,4,4,4,2,4,4,4,5,4,5,5,4,4,3,2,2,1,1,2,2,2,2,2,1,2,2,2,1,2,2,2,1,24,24,0,3,1,3,1,0.75,0.25,0.75,0.25,0.5,0.0,Liberal,Low
208,mph,1,7.0,88.0,6.0,60.0,5.5,4.0,6.0,4.666666667,4.0,Female,35.0,5,,9,,4,,1,2,6,5,4,4,4,6,6,6,4,4,4,5,4,5,1,2,1,1,2,2,2,2,2,1,2,2,2,2,1,2,1,1,24,24,55,4,0,1,3,1.0,0.0,0.25,0.75,0.25,0.75,Liberal,High
214,mph,1,4.0,50.0,9.0,90.0,5.0,1.333333333,6.0,5.666666667,3.0,Female,52.0,6,,8,,6,,4,2,5,5,1,1,2,6,6,6,6,2,1,6,6,5,2,2,2,2,2,2,2,2,2,1,2,2,2,2,2,2,2,2,24,24,35,4,0,4,0,1.0,0.0,1.0,0.0,1.0,0.0,Liberal,Low
217,mph,1,6.0,75.0,9.0,90.0,6.0,2.666666667,6.0,6.0,1.666666667,Female,20.0,7,,1,,3,,3,2,6,6,1,3,4,6,6,6,2,2,1,6,6,6,2,2,1,2,2,2,2,2,1,1,2,2,2,1,2,1,1,1,24,24,31,3,1,1,3,0.75,0.25,0.25,0.75,0.0,0.5,Neutral,Medium
225,mph,1,7.0,88.0,8.0,80.0,5.5,1.666666667,6.0,5.0,3.0,Female,20.0,7,,1,,3,,5,2,5,6,2,2,1,6,6,6,4,3,2,5,5,5,2,2,1,2,2,1,2,2,1,1,2,2,2,1,1,1,1,1,24,24,20,3,1,0,4,0.75,0.25,0.0,1.0,-0.25,0.75,Conservative,High
226,mph,1,4.0,50.0,10.0,100.0,6.0,2.333333333,6.0,6.0,2.0,Female,18.0,9,,1,,1,,5,2,6,6,4,1,2,6,6,6,2,2,2,6,6,6,2,2,2,2,2,2,2,2,1,1,1,2,2,1,1,2,1,2,24,24,53,2,2,2,2,0.5,0.5,0.5,0.5,0.0,0.0,Neutral,Low
234,mph,1,5.0,63.0,8.0,80.0,4.0,1.666666667,5.666666667,3.666666667,4.666666667,Female,19.0,4,,4,,2,,5,2,4,4,2,1,2,5,6,6,6,4,4,4,4,3,2,2,2,1,2,2,2,2,2,1,2,2,1,2,2,2,1,1,22,22,2,3,1,2,2,0.75,0.25,0.5,0.5,0.25,0.25,Liberal,Medium
238,mph,1,,,7.0,70.0,6.0,1.0,6.0,5.333333333,3.333333333,Female,32.0,8,,11,,4,,2,2,6,6,1,1,1,6,6,6,3,1,6,6,5,5,1,2,1,1,2,2,2,2,1,1,2,2,2,1,1,2,1,2,20,20,42,3,1,2,2,0.75,0.25,0.5,0.5,0.25,0.25,Liberal,Medium
239,mph,1,7.0,88.0,9.0,90.0,5.0,3.0,5.333333333,5.0,3.666666667,Female,51.0,7,,1,,6,,5,2,5,5,3,3,3,5,5,6,5,4,2,5,5,5,2,2,2,1,2,2,2,2,1,1,2,2,2,2,1,2,1,1,24,24,4,4,0,1,3,1.0,0.0,0.25,0.75,0.25,0.75,Liberal,High
241,mph,1,8.0,100.0,7.0,70.0,4.0,2.666666667,6.0,3.666666667,3.333333333,Female,23.0,8,,10,,3,,5,2,4,4,2,3,3,6,6,6,3,4,3,4,3,4,2,2,1,2,2,1,2,2,2,1,2,2,2,2,1,1,1,1,24,24,45,4,0,0,4,1.0,0.0,0.0,1.0,0.0,1.0,Neutral,High
242,mph,1,4.0,50.0,8.0,80.0,5.5,3.333333333,6.0,3.666666667,4.333333333,Female,18.0,7,,1,,3,,3,2,6,5,4,3,3,6,6,6,5,5,3,3,4,4,2,2,1,2,2,2,1,2,1,1,2,2,2,1,2,2,1,2,24,24,1,3,1,3,1,0.75,0.25,0.75,0.25,0.5,0.0,Liberal,Low
243,mph,1,6.0,75.0,8.0,80.0,5.0,1.666666667,5.666666667,4.0,3.333333333,Female,27.0,8,,4,,4,,5,2,5,5,2,1,2,5,6,6,5,3,2,4,4,4,2,2,1,2,2,2,2,2,2,1,2,2,2,2,1,2,2,1,24,24,0,4,0,2,2,1.0,0.0,0.5,0.5,0.5,0.5,Liberal,Medium
250,mph,1,7.0,88.0,8.0,80.0,6.0,3.0,6.0,5.0,2.666666667,Female,37.0,5,,4,,4,,1,2,6,6,3,3,3,6,6,6,2,2,4,5,5,5,2,2,1,2,2,2,2,2,2,1,2,2,2,1,1,1,1,1,24,24,36,3,1,0,4,0.75,0.25,0.0,1.0,-0.25,0.75,Conservative,High
251,mph,1,5.0,63.0,7.0,70.0,5.5,2.666666667,6.0,4.333333333,2.333333333,Female,31.0,6,,7,,2,,3,2,5,6,2,3,3,6,6,6,4,2,1,5,5,3,2,2,2,2,1,1,2,2,2,1,2,2,2,1,1,2,1,2,23,23,45,3,1,2,2,0.75,0.25,0.5,0.5,0.25,0.25,Liberal,Medium
255,mph,1,6.0,75.0,9.0,90.0,5.0,2.0,6.0,4.666666667,3.0,Female,21.0,7,,1,,3,,5,2,5,5,3,1,2,6,6,6,4,3,2,4,5,5,2,2,2,1,2,2,2,2,1,1,2,2,2,1,1,2,1,1,24,24,28,3,1,1,3,0.75,0.25,0.25,0.75,0.0,0.5,Neutral,Medium
258,mph,1,7.0,88.0,6.0,60.0,4.5,2.333333333,6.0,4.0,3.666666667,Male,24.0,6,,7,,3,,4,2,5,4,2,3,2,6,6,6,3,4,4,4,4,4,2,1,1,1,2,1,2,2,1,1,2,2,2,2,1,1,1,2,23,23,25,4,0,1,3,1.0,0.0,0.25,0.75,0.25,0.75,Liberal,High
259,mph,1,5.0,63.0,9.0,90.0,5.0,1.0,6.0,5.0,3.0,Female,55.0,8,,11,,4,,1,2,5,5,1,1,1,6,6,6,4,3,2,5,5,5,2,2,1,2,2,2,2,2,1,1,2,2,2,1,2,2,1,1,24,24,12,3,1,2,2,0.75,0.25,0.5,0.5,0.25,0.25,Liberal,Medium
267,mph,1,6.0,75.0,10.0,100.0,4.5,1.0,6.0,4.0,3.0,Female,18.0,9,,1,,1,,5,2,5,4,1,1,1,6,6,6,4,3,2,4,4,4,2,2,2,2,2,2,2,2,1,1,2,2,2,1,1,2,1,1,24,24,2,3,1,1,3,0.75,0.25,0.25,0.75,0.0,0.5,Neutral,Medium
269,mph,1,5.0,63.0,7.0,70.0,6.0,1.666666667,6.0,6.0,2.333333333,Female,17.0,9,,1,,1,,5,2,6,6,3,1,1,6,6,6,5,1,1,6,6,6,1,2,1,2,2,2,2,2,2,1,2,2,2,2,2,2,1,2,24,24,110,4,0,3,1,1.0,0.0,0.75,0.25,0.75,0.25,Liberal,Medium
278,mph,1,7.0,88.0,8.0,80.0,4.5,2.0,6.0,4.666666667,4.666666667,,26.0,5,,4,,4,,5,2,5,4,2,1,3,6,6,6,5,5,4,5,5,4,2,2,1,2,2,1,2,2,1,1,2,2,2,1,1,1,1,1,24,24,4,3,1,0,4,0.75,0.25,0.0,1.0,-0.25,0.75,Conservative,High
280,mph,1,7.0,88.0,7.0,70.0,5.5,3.666666667,6.0,4.666666667,3.666666667,Female,17.0,9,,1,,1,,4,2,6,5,3,5,3,6,6,6,4,4,3,5,4,5,1,2,1,2,2,1,2,2,1,1,1,2,2,2,1,1,1,1,24,24,2,3,1,0,4,0.75,0.25,0.0,1.0,-0.25,0.75,Conservative,High
282,mph,1,4.0,50.0,7.0,70.0,6.0,2.0,6.0,5.0,3.0,Female,34.0,5,,4,,8,In Weiterbildung,1,2,6,6,2,2,2,6,6,6,4,4,1,5,5,5,2,2,1,1,2,1,2,2,1,1,2,2,1,1,1,2,1,2,24,24,26,2,2,2,2,0.5,0.5,0.5,0.5,0.0,0.0,Neutral,Low
287,mph,1,6.0,75.0,8.0,80.0,5.0,2.0,6.0,1.666666667,5.666666667,Female,41.0,4,,4,,6,,1,2,5,5,2,2,2,6,6,6,5,6,6,2,2,1,2,2,2,1,2,2,2,2,2,1,2,2,2,1,1,1,1,2,24,24,9,3,1,1,3,0.75,0.25,0.25,0.75,0.0,0.5,Neutral,Medium
288,mph,1,6.0,75.0,9.0,90.0,5.0,3.0,6.0,5.0,4.333333333,Male,23.0,4,,1,,2,,4,2,6,4,3,4,2,6,6,6,4,5,4,5,5,5,2,2,2,2,2,1,2,2,1,1,2,2,2,1,2,1,1,1,24,24,2,3,1,1,3,0.75,0.25,0.25,0.75,0.0,0.5,Neutral,Medium
291,mph,1,4.0,50.0,9.0,90.0,6.0,1.666666667,6.0,5.666666667,2.0,Female,28.0,6,,7,,4,,1,2,6,6,3,1,1,6,6,6,2,2,2,5,6,6,2,2,2,2,2,2,2,2,2,1,2,2,2,2,2,2,2,2,24,24,79,4,0,4,0,1.0,0.0,1.0,0.0,1.0,0.0,Liberal,Low
292,mph,1,3.0,38.0,8.0,80.0,5.5,4.333333333,6.0,6.0,4.0,Female,20.0,7,,1,,3,,4,2,5,6,2,5,6,6,6,6,3,5,4,6,6,6,2,2,1,2,2,2,2,2,2,1,2,2,1,1,2,2,1,2,21,21,9,2,2,3,1,0.5,0.5,0.75,0.25,0.25,-0.25,Liberal,Low
295,mph,1,5.0,63.0,8.0,80.0,5.5,2.666666667,6.0,6.0,4.333333333,Female,20.0,7,,1,,3,,4,2,6,5,2,4,2,6,6,6,4,6,3,6,6,6,2,2,1,2,1,2,2,2,1,1,2,2,2,1,2,1,2,1,24,24,51,3,1,2,2,0.75,0.25,0.5,0.5,0.25,0.25,Liberal,Medium
297,mph,1,7.0,88.0,10.0,100.0,5.5,1.333333333,6.0,5.333333333,3.0,Female,15.0,9,,1,,1,,5,2,5,6,1,2,1,6,6,6,4,3,2,5,5,6,2,2,2,2,2,2,2,2,1,1,2,2,2,2,1,2,1,1,24,24,40,4,0,1,3,1.0,0.0,0.25,0.75,0.25,0.75,Liberal,High
298,mph,1,6.0,75.0,9.0,90.0,4.0,1.666666667,6.0,4.666666667,4.333333333,Male,35.0,5,,7,,4,,4,2,4,4,2,2,1,6,6,6,5,5,3,4,5,5,2,2,1,2,2,2,2,2,1,1,2,2,2,1,1,2,1,1,24,24,4,3,1,1,3,0.75,0.25,0.25,0.75,0.0,0.5,Neutral,Medium
300,frnd,1,,,8.0,80.0,1.0,3.666666667,4.0,1.333333333,2.666666667,Male,24.0,8,,11,,3,,5,2,1,1,4,3,4,4,3,5,2,4,2,1,1,2,1,2,2,2,2,2,2,2,1,2,2,2,2,1,1,2,2,1,20,20,47,3,1,2,2,0.75,0.25,0.5,0.5,0.25,0.25,Liberal,Medium
302,mph,1,6.0,75.0,10.0,100.0,6.0,2.0,6.0,5.333333333,2.333333333,Female,36.0,6,,1,,4,,5,2,6,6,2,2,2,6,6,6,3,3,1,5,5,6,2,2,2,2,2,2,2,2,1,1,2,2,2,1,1,2,1,1,24,24,0,3,1,1,3,0.75,0.25,0.25,0.75,0.0,0.5,Neutral,Medium
304,mph,1,8.0,100.0,7.0,70.0,6.0,3.666666667,6.0,6.0,1.333333333,Female,23.0,5,,4,,4,,4,2,6,6,2,4,5,6,6,6,1,2,1,6,6,6,1,2,1,2,2,1,2,2,1,1,2,2,2,2,1,1,1,1,24,24,19,4,0,0,4,1.0,0.0,0.0,1.0,0.0,1.0,Neutral,High
305,mph,1,7.0,88.0,10.0,100.0,5.5,1.333333333,6.0,4.0,2.666666667,Female,27.0,7,,11,,4,,4,2,6,5,1,1,2,6,6,6,3,3,2,4,4,4,2,2,2,2,2,2,2,2,1,1,2,2,2,2,1,2,1,1,24,24,14,4,0,1,3,1.0,0.0,0.25,0.75,0.25,0.75,Liberal,High
306,mph,1,5.0,63.0,8.0,80.0,5.0,2.0,6.0,5.0,2.666666667,Female,21.0,7,,1,,3,,4,2,5,5,2,2,2,6,6,6,4,2,2,5,5,5,2,2,1,2,2,2,2,2,2,1,2,2,2,1,1,2,1,2,24,24,30,3,1,2,2,0.75,0.25,0.5,0.5,0.25,0.25,Liberal,Medium
315,lnkd,1,7.0,88.0,7.0,70.0,4.5,2.666666667,4.333333333,4.0,2.666666667,Male,29.0,8,,11,,5,,5,2,4,5,3,2,3,4,4,5,4,2,2,4,4,4,1,2,2,2,2,1,2,2,1,2,2,2,2,1,1,1,1,1,24,24,15,3,1,0,4,0.75,0.25,0.0,1.0,-0.25,0.75,Conservative,High
317,mttr,1,5.0,63.0,8.0,80.0,2.0,2.0,5.333333333,2.666666667,4.0,Male,51.0,6,,12,Fachakademie,6,,5,1,2,2,4,1,1,5,5,6,4,4,4,2,3,3,2,2,1,2,2,1,2,2,1,1,2,2,2,1,2,1,2,1,24,24,0,3,1,2,2,0.75,0.25,0.5,0.5,0.25,0.25,Liberal,Medium
318,mph,1,,,9.0,90.0,6.0,3.666666667,6.0,6.0,1.0,Female,27.0,8,,1,,3,,2,2,6,6,1,4,6,6,6,6,1,1,1,6,6,6,2,2,2,2,2,2,1,2,1,1,2,2,2,2,1,2,1,1,20,20,42,4,0,1,3,1.0,0.0,0.25,0.75,0.25,0.75,Liberal,High
319,mph,1,8.0,100.0,7.0,70.0,4.0,3.333333333,6.0,4.0,4.333333333,Male,23.0,8,,11,,5,,3,2,4,4,3,4,3,6,6,6,4,5,4,4,4,4,2,2,2,1,2,1,2,2,2,1,2,2,2,2,1,1,1,1,24,24,27,4,0,0,4,1.0,0.0,0.0,1.0,0.0,1.0,Neutral,High
322,mph,1,6.0,75.0,6.0,60.0,6.0,3.333333333,6.0,6.0,1.666666667,Male,26.0,8,,11,,3,,5,2,6,6,4,1,5,6,6,6,2,2,1,6,6,6,2,2,2,1,2,1,2,2,2,2,1,2,2,1,1,1,1,1,23,23,3,2,2,0,4,0.5,0.5,0.0,1.0,-0.5,0.5,Conservative,Medium
327,mph,1,,,9.0,90.0,5.5,1.666666667,6.0,6.0,3.0,Female,18.0,7,,1,,3,,5,2,6,5,1,2,2,6,6,6,4,3,2,6,6,6,1,2,2,2,2,2,2,2,1,1,2,2,2,2,1,1,2,1,20,20,125,4,0,1,3,1.0,0.0,0.25,0.75,0.25,0.75,Liberal,High
329,mph,1,4.0,50.0,7.0,70.0,6.0,1.0,6.0,5.333333333,2.333333333,Female,17.0,4,,1,,2,,1,2,6,6,1,1,1,6,6,6,4,2,1,4,6,6,2,2,1,1,2,1,2,2,1,1,1,2,2,1,1,2,1,2,23,23,45,2,2,2,2,0.5,0.5,0.5,0.5,0.0,0.0,Neutral,Low
332,frnd,1,6.0,75.0,7.0,70.0,2.0,4.666666667,5.666666667,4.0,2.666666667,Male,24.0,8,,11,,3,,5,2,2,2,4,5,5,5,6,6,3,2,3,4,4,4,1,2,1,2,2,1,2,2,1,1,2,2,2,1,2,1,1,1,24,24,1,3,1,1,3,0.75,0.25,0.25,0.75,0.0,0.5,Neutral,Medium
334,mph,1,6.0,75.0,9.0,90.0,5.0,1.0,6.0,3.666666667,3.0,Female,21.0,7,,1,,3,,5,2,5,5,1,1,1,6,6,6,3,3,3,4,4,3,2,2,2,2,2,2,2,2,2,1,1,2,2,1,1,1,1,1,24,24,1,2,2,0,4,0.5,0.5,0.0,1.0,-0.5,0.5,Conservative,Medium
335,lnkd,1,7.0,88.0,8.0,80.0,6.0,2.666666667,5.0,5.666666667,2.333333333,Male,24.0,7,,11,,3,,4,2,6,6,3,2,3,5,5,5,3,2,2,6,6,5,1,2,2,2,2,2,2,2,2,1,2,2,2,2,1,2,1,1,24,24,23,4,0,1,3,1.0,0.0,0.25,0.75,0.25,0.75,Liberal,High
337,frnd,1,6.0,75.0,8.0,80.0,5.5,4.333333333,6.0,5.0,1.333333333,Female,24.0,7,,5,,4,,5,2,6,5,5,4,4,6,6,6,2,1,1,5,5,5,2,2,1,2,2,1,2,2,1,1,2,2,2,1,1,2,1,1,24,24,4,3,1,1,3,0.75,0.25,0.25,0.75,0.0,0.5,Neutral,Medium
339,mph,1,6.0,75.0,5.0,50.0,5.0,2.0,5.333333333,5.0,4.666666667,Female,27.0,8,,10,,4,,5,2,5,5,2,2,2,5,5,6,6,4,4,5,5,5,1,2,1,1,2,1,2,2,2,1,2,2,2,1,2,1,1,1,24,24,13,3,1,1,3,0.75,0.25,0.25,0.75,0.0,0.5,Neutral,Medium
341,mph,1,6.0,75.0,9.0,90.0,6.0,1.333333333,6.0,6.0,2.0,Female,19.0,4,,1,,2,,1,2,6,6,1,2,1,6,6,6,3,2,1,6,6,6,2,2,2,2,2,2,2,2,2,1,2,2,2,1,2,1,1,1,24,24,22,3,1,1,3,0.75,0.25,0.25,0.75,0.0,0.5,Neutral,Medium
349,lnkd,1,5.0,63.0,7.0,70.0,4.5,2.666666667,5.333333333,4.666666667,6.0,Male,25.0,7,,11,,3,,5,2,5,4,3,2,3,5,6,5,6,6,6,4,5,5,1,2,2,2,2,2,2,2,2,2,2,2,1,1,1,2,1,1,24,24,5,2,2,1,3,0.5,0.5,0.25,0.75,-0.25,0.25,Conservative,Medium
350,frnd,1,7.0,88.0,7.0,70.0,1.0,3.0,6.0,3.0,4.666666667,Male,29.0,8,,11,,3,,5,2,1,1,4,2,3,6,6,6,5,5,4,3,3,3,1,2,1,1,2,2,2,2,1,1,2,2,2,1,1,1,1,1,22,22,0,3,1,0,4,0.75,0.25,0.0,1.0,-0.25,0.75,Conservative,High
358,vtsoz,1,0.0,0.0,0.0,0.0,,,,,,,,-9,,-9,,-9,,-9,-9,-9,-9,-9,-9,-9,-9,-9,-9,-9,-9,-9,-9,-9,-9,-9,-9,-9,-9,-9,-9,-9,-9,-9,-9,-9,-9,-9,-9,-9,-9,-9,-9,24,24,177,0,0,0,0,0.0,0.0,0.0,0.0,0.0,0.0,Neutral,Low
364,vtsoz,1,6.0,75.0,7.0,70.0,5.0,3.666666667,5.666666667,6.0,2.0,Male,30.0,8,,11,,4,,5,2,5,5,5,5,1,5,6,6,2,2,2,6,6,6,1,2,1,2,2,1,2,2,1,1,2,2,2,1,1,2,1,1,24,24,43,3,1,1,3,0.75,0.25,0.25,0.75,0.0,0.5,Neutral,Medium
365,vtsoz,1,7.0,88.0,8.0,80.0,3.5,2.666666667,6.0,4.0,2.666666667,Male,47.0,8,,11,,4,,5,2,4,3,3,3,2,6,6,6,4,2,2,4,4,4,2,2,1,2,2,2,2,2,2,1,2,2,2,2,1,2,1,1,24,24,13,4,0,1,3,1.0,0.0,0.25,0.75,0.25,0.75,Liberal,High
366,vtsoz,1,3.0,38.0,6.0,60.0,1.5,1.0,6.0,5.666666667,4.666666667,Female,20.0,7,,1,,2,,5,2,2,1,1,1,1,6,6,6,6,5,3,6,6,5,2,2,1,2,2,1,2,2,2,2,2,2,1,1,2,2,1,2,24,24,8,2,2,3,1,0.5,0.5,0.75,0.25,0.25,-0.25,Liberal,Low
367,vtsoz,1,5.0,63.0,7.0,70.0,5.0,4.333333333,6.0,4.666666667,3.666666667,Male,44.0,8,,11,,5,,4,2,5,5,5,4,4,6,6,6,4,4,3,5,4,5,1,2,1,2,2,1,2,2,1,1,2,2,2,1,2,1,2,1,22,22,44,3,1,2,2,0.75,0.25,0.5,0.5,0.25,0.25,Liberal,Medium
368,vtsoz,1,7.0,88.0,9.0,90.0,4.0,1.666666667,6.0,3.333333333,4.666666667,Male,25.0,7,,1,,3,,5,2,4,4,2,2,1,6,6,6,5,5,4,3,3,4,2,2,2,2,2,1,2,2,1,1,2,2,2,2,2,1,1,1,24,24,11,4,0,1,3,1.0,0.0,0.25,0.75,0.25,0.75,Liberal,High
371,vtsoz,1,3.0,38.0,9.0,90.0,6.0,2.333333333,6.0,4.666666667,4.666666667,Female,55.0,8,,11,,4,,4,2,6,6,1,2,4,6,6,6,5,4,5,4,5,5,2,2,2,2,2,2,2,2,2,1,2,2,2,1,2,2,2,2,24,24,18,3,1,4,0,0.75,0.25,1.0,0.0,0.75,-0.25,Liberal,Low
373,vtsoz,1,,,,,,,,,,Female,40.0,8,,11,,6,,4,2,4,3,1,1,3,6,6,6,5,3,2,5,4,4,1,2,1,2,2,2,2,2,1,1,2,2,2,1,1,1,1,1,19,19,46,3,1,0,4,0.75,0.25,0.0,1.0,-0.25,0.75,Conservative,High
374,vtsoz,1,3.0,38.0,6.0,60.0,4.0,3.0,5.0,3.0,4.0,Male,59.0,8,,10,,5,,1,2,4,4,3,3,3,5,5,5,4,4,4,3,3,3,1,2,1,2,2,1,2,2,2,1,2,2,2,1,2,2,2,2,24,24,38,3,1,4,0,0.75,0.25,1.0,0.0,0.75,-0.25,Liberal,Low
377,vtsoz,1,6.0,75.0,7.0,70.0,3.0,2.0,6.0,3.333333333,4.666666667,Female,41.0,8,,11,,5,,4,2,3,3,2,2,2,6,6,6,5,5,4,3,3,4,1,2,2,1,2,1,2,2,1,1,2,2,2,1,2,1,1,1,24,24,19,3,1,1,3,0.75,0.25,0.25,0.75,0.0,0.5,Neutral,Medium
378,vtsoz,1,6.0,75.0,10.0,100.0,5.0,1.0,6.0,5.0,3.0,Female,50.0,8,,11,,4,,5,2,5,5,1,1,1,6,6,6,4,3,2,5,5,5,2,2,2,2,2,2,2,2,1,1,2,2,2,1,2,1,1,1,24,24,1,3,1,1,3,0.75,0.25,0.25,0.75,0.0,0.5,Neutral,Medium
379,vtsoz,1,4.0,50.0,7.0,70.0,4.0,1.0,6.0,2.666666667,4.666666667,Male,52.0,8,,10,,5,,1,1,4,4,1,1,1,6,6,6,6,4,4,3,2,3,2,2,1,2,2,2,2,2,2,2,2,2,2,1,1,2,2,2,24,24,24,3,1,3,1,0.75,0.25,0.75,0.25,0.5,0.0,Liberal,Low
380,vtsoz,1,5.0,63.0,8.0,80.0,6.0,2.333333333,5.333333333,6.0,1.0,Male,21.0,7,,1,,3,,5,2,6,6,2,1,4,6,6,4,1,1,1,6,6,6,2,2,1,2,2,1,2,2,1,1,2,2,2,1,1,2,1,2,24,24,30,3,1,2,2,0.75,0.25,0.5,0.5,0.25,0.25,Liberal,Medium
381,vtsoz,1,8.0,100.0,6.0,60.0,6.0,3.333333333,6.0,4.0,2.0,Male,20.0,7,,1,,3,,5,2,6,6,2,4,4,6,6,6,2,2,2,4,4,4,1,2,1,2,2,1,1,2,1,1,2,2,2,2,1,1,1,1,24,24,8,4,0,0,4,1.0,0.0,0.0,1.0,0.0,1.0,Neutral,High
382,vtsoz,1,4.0,50.0,9.0,90.0,3.0,1.666666667,6.0,2.333333333,5.0,Male,35.0,7,,5,,3,,4,1,3,3,2,2,1,6,6,6,5,5,5,3,2,2,2,2,2,2,2,2,1,2,1,1,2,2,2,2,2,2,2,2,24,24,13,4,0,4,0,1.0,0.0,1.0,0.0,1.0,0.0,Liberal,Low
383,vtsoz,1,4.0,50.0,8.0,80.0,5.5,2.666666667,6.0,5.0,3.0,Female,28.0,8,,11,,4,,1,2,6,5,3,3,2,6,6,6,4,2,3,5,5,5,2,2,2,2,2,1,2,2,2,1,2,2,2,1,1,2,2,2,24,24,15,3,1,3,1,0.75,0.25,0.75,0.25,0.5,0.0,Liberal,Low
384,vtsoz,1,5.0,63.0,7.0,70.0,6.0,5.0,6.0,5.0,3.0,Male,25.0,7,,5,,8,Student und Teilzeitangestellte,5,2,6,6,5,4,6,6,6,6,4,3,2,5,5,5,2,2,1,2,2,1,2,2,1,2,2,2,2,1,1,2,1,2,24,24,20,3,1,2,2,0.75,0.25,0.5,0.5,0.25,0.25,Liberal,Medium
386,vtsoz,1,6.0,75.0,9.0,90.0,4.5,2.0,6.0,4.333333333,5.0,Female,63.0,8,,11,,8,Altersteilzeit,5,2,5,4,2,2,2,6,6,6,6,5,4,4,4,5,1,2,2,2,2,2,2,2,1,1,2,2,2,2,2,1,1,2,24,24,21,4,0,2,2,1.0,0.0,0.5,0.5,0.5,0.5,Liberal,Medium
388,vtsoz,1,6.0,75.0,7.0,70.0,5.0,1.666666667,6.0,3.0,3.333333333,Female,72.0,8,,11,,8,Rentner,5,2,5,5,3,1,1,6,6,6,4,2,4,3,3,3,1,2,1,2,2,1,2,2,1,1,2,2,2,1,1,2,1,1,24,24,1,3,1,1,3,0.75,0.25,0.25,0.75,0.0,0.5,Neutral,Medium
389,vtsoz,1,7.0,88.0,8.0,80.0,5.5,3.333333333,6.0,5.666666667,4.0,Male,18.0,9,,1,,1,,5,2,6,5,4,2,4,6,6,6,4,4,4,5,6,6,1,2,2,2,2,1,2,2,1,1,2,2,2,2,1,2,1,1,24,24,64,4,0,1,3,1.0,0.0,0.25,0.75,0.25,0.75,Liberal,High
390,vtsoz,1,,,3.0,30.0,3.5,3.0,4.333333333,4.0,3.0,Male,69.0,8,,11,,5,,3,2,4,3,3,3,3,4,4,5,4,3,2,4,4,4,1,1,1,1,1,1,1,2,1,1,2,2,2,1,1,2,2,1,20,20,2,3,1,2,2,0.75,0.25,0.5,0.5,0.25,0.25,Liberal,Medium
394,vtsoz,1,6.0,75.0,9.0,90.0,5.0,2.333333333,6.0,4.333333333,3.0,Male,34.0,8,,11,,4,,4,1,5,5,3,1,3,6,6,6,4,3,2,4,4,5,2,2,2,2,2,1,2,2,1,1,2,2,2,1,1,1,1,2,24,24,2,3,1,1,3,0.75,0.25,0.25,0.75,0.0,0.5,Neutral,Medium
395,vtsoz,1,4.0,50.0,6.0,60.0,3.0,1.666666667,5.0,2.666666667,5.0,Female,46.0,8,,11,,4,,4,1,3,3,2,2,1,5,5,5,5,5,5,4,2,2,1,2,2,2,2,1,2,2,2,2,2,2,1,2,2,2,2,1,24,24,2,3,1,3,1,0.75,0.25,0.75,0.25,0.5,0.0,Liberal,Low
396,vtsoz,1,5.0,63.0,7.0,70.0,3.5,4.0,6.0,4.0,4.0,Female,23.0,7,,1,,3,,5,2,4,3,4,4,4,6,6,6,5,4,3,4,4,4,2,2,1,2,2,1,2,2,2,1,2,2,2,1,2,2,1,1,24,24,22,3,1,2,2,0.75,0.25,0.5,0.5,0.25,0.25,Liberal,Medium
397,vtsoz,1,,,,,,,,,,Male,59.0,8,,11,,5,,5,2,4,4,1,1,1,6,6,6,4,2,1,4,3,4,1,2,1,1,2,1,2,2,1,2,2,2,2,2,1,1,1,1,18,18,16,4,0,0,4,1.0,0.0,0.0,1.0,0.0,1.0,Neutral,High
398,vtsoz,1,4.0,50.0,4.0,40.0,5.0,2.0,4.333333333,4.333333333,2.333333333,Female,63.0,6,,9,,7,,4,2,5,5,2,2,2,4,4,5,3,2,2,5,4,4,1,1,2,1,2,1,1,2,2,1,2,2,2,2,2,2,2,2,24,24,18,4,0,4,0,1.0,0.0,1.0,0.0,1.0,0.0,Liberal,Low
399,vtsoz,1,5.0,63.0,7.0,70.0,5.5,1.666666667,6.0,5.666666667,2.666666667,Male,20.0,7,,1,,3,,5,2,6,5,2,2,1,6,6,6,2,3,3,5,6,6,1,2,1,2,2,1,2,2,1,1,2,2,2,1,2,2,1,1,24,24,7,3,1,2,2,0.75,0.25,0.5,0.5,0.25,0.25,Liberal,Medium
400,vtsoz,1,7.0,88.0,5.0,50.0,5.0,3.666666667,6.0,4.333333333,3.0,Male,25.0,8,,1,,4,,1,2,5,5,4,4,3,6,6,6,5,3,1,5,4,4,1,2,1,2,2,1,1,2,1,2,2,2,2,1,1,1,1,1,24,24,13,3,1,0,4,0.75,0.25,0.0,1.0,-0.25,0.75,Conservative,High
401,vtsoz,1,4.0,50.0,6.0,60.0,6.0,1.0,6.0,6.0,2.666666667,Male,64.0,7,,5,,6,,1,2,6,6,1,1,1,6,6,6,6,1,1,6,6,6,1,2,1,2,2,1,2,2,1,2,2,2,2,2,2,2,2,2,24,24,31,4,0,4,0,1.0,0.0,1.0,0.0,1.0,0.0,Liberal,Low
402,vtsoz,1,5.0,63.0,3.0,30.0,4.0,3.666666667,3.666666667,3.666666667,3.333333333,Male,23.0,7,,11,,3,,2,2,4,4,4,3,4,4,4,3,3,3,4,4,4,3,1,1,1,1,2,2,1,2,2,2,2,2,2,1,1,2,2,1,24,24,274,3,1,2,2,0.75,0.25,0.5,0.5,0.25,0.25,Liberal,Medium
404,vtsoz,1,3.0,38.0,8.0,80.0,2.0,4.333333333,1.0,1.0,3.0,Female,20.0,7,,6,,3,,4,2,2,2,4,4,5,1,1,1,3,3,3,1,1,1,1,2,2,2,2,1,2,2,1,1,1,2,2,1,2,2,1,2,24,24,23,2,2,3,1,0.5,0.5,0.75,0.25,0.25,-0.25,Liberal,Low
405,vtsoz,1,5.0,63.0,7.0,70.0,3.5,3.333333333,6.0,4.333333333,3.333333333,Male,52.0,4,,7,,4,,5,1,4,3,3,2,5,6,6,6,4,3,3,4,4,5,1,2,1,2,2,1,2,2,1,1,2,2,2,1,1,2,2,1,24,24,2,3,1,2,2,0.75,0.25,0.5,0.5,0.25,0.25,Liberal,Medium
406,vtsoz,1,5.0,63.0,6.0,60.0,3.0,4.0,3.666666667,3.0,4.333333333,Male,24.0,7,,11,,3,,3,2,2,4,4,3,5,2,4,5,4,5,4,3,4,2,2,2,1,2,1,2,2,2,2,2,2,2,2,1,1,2,1,2,24,24,385,3,1,2,2,0.75,0.25,0.5,0.5,0.25,0.25,Liberal,Medium
410,vtsoz,1,4.0,50.0,8.0,80.0,3.0,3.666666667,4.666666667,4.0,2.333333333,Female,62.0,8,,11,,6,,5,2,3,3,4,3,4,4,5,5,3,2,2,4,4,4,2,2,1,2,2,2,2,2,1,2,2,2,2,2,2,2,2,2,24,24,1,4,0,4,0,1.0,0.0,1.0,0.0,1.0,0.0,Liberal,Low
411,vtsoz,1,8.0,100.0,10.0,100.0,5.5,2.666666667,6.0,5.666666667,3.0,Female,69.0,8,,11,,8,Rentner,4,2,5,6,3,1,4,6,6,6,4,2,3,6,5,6,2,2,2,2,2,2,2,2,1,1,2,2,2,2,1,1,1,1,24,24,7,4,0,0,4,1.0,0.0,0.0,1.0,0.0,1.0,Neutral,High
412,vtsoz,1,5.0,63.0,9.0,90.0,5.0,2.333333333,6.0,5.0,4.0,Female,36.0,8,,10,,5,,3,2,5,5,3,2,2,6,6,6,4,4,4,5,5,5,2,2,1,2,2,2,2,2,1,1,2,2,2,1,2,1,1,2,24,24,20,3,1,2,2,0.75,0.25,0.5,0.5,0.25,0.25,Liberal,Medium
413,vtsoz,1,3.0,38.0,6.0,60.0,6.0,1.0,6.0,3.666666667,6.0,Male,43.0,8,,10,,4,,5,2,6,6,1,1,1,6,6,6,6,6,6,4,3,4,1,2,1,2,2,1,2,2,2,1,2,2,2,1,2,2,2,2,24,24,60,3,1,4,0,0.75,0.25,1.0,0.0,0.75,-0.25,Liberal,Low
414,vtsoz,1,6.0,75.0,6.0,60.0,5.0,1.666666667,6.0,5.0,5.333333333,Male,55.0,8,,10,,4,,1,2,5,5,3,1,1,6,6,6,6,4,6,5,5,5,1,2,1,2,2,2,2,2,2,2,2,2,2,2,2,1,2,1,22,22,31,4,0,2,2,1.0,0.0,0.5,0.5,0.5,0.5,Liberal,Medium
416,vtsoz,1,5.0,63.0,7.0,70.0,4.5,2.333333333,6.0,5.333333333,5.0,Male,25.0,8,,11,,3,,5,2,5,4,2,1,4,6,6,6,6,4,5,5,6,5,1,2,2,2,2,1,2,2,2,1,2,2,2,1,2,2,1,1,22,22,6,3,1,2,2,0.75,0.25,0.5,0.5,0.25,0.25,Liberal,Medium
417,vtsoz,1,6.0,75.0,8.0,80.0,2.5,3.0,6.0,2.333333333,3.666666667,Male,22.0,7,,11,,3,,5,2,3,2,3,3,3,6,6,6,5,3,3,2,3,2,1,2,2,2,2,1,2,2,1,1,2,1,2,2,1,2,1,1,24,24,26,3,1,1,3,0.75,0.25,0.25,0.75,0.0,0.5,Neutral,Medium
419,vtsoz,1,6.0,75.0,9.0,90.0,4.5,4.0,4.0,4.333333333,2.0,Female,51.0,8,,11,,8,Auszeit,2,2,5,4,5,3,4,4,4,4,3,2,1,5,4,4,2,2,1,2,2,2,2,2,1,1,2,2,2,1,2,1,1,1,24,24,19,3,1,1,3,0.75,0.25,0.25,0.75,0.0,0.5,Neutral,Medium
421,vtsoz,1,6.0,75.0,8.0,80.0,5.5,2.0,6.0,5.0,2.0,Female,66.0,7,,1,,8,Rentner,1,2,6,5,2,2,2,6,6,6,3,2,1,5,5,5,2,1,2,2,2,2,2,2,2,1,2,2,2,2,2,1,1,2,24,24,4,4,0,2,2,1.0,0.0,0.5,0.5,0.5,0.5,Liberal,Medium
422,vtsoz,1,5.0,63.0,9.0,90.0,6.0,2.0,6.0,6.0,4.0,Male,36.0,8,,11,,5,,4,2,6,6,3,2,1,6,6,6,6,3,3,6,6,6,2,2,1,2,2,2,2,2,1,1,2,2,2,1,2,2,1,1,24,24,27,3,1,2,2,0.75,0.25,0.5,0.5,0.25,0.25,Liberal,Medium
423,vtsoz,1,6.0,75.0,9.0,90.0,3.5,2.0,6.0,4.666666667,4.0,Male,59.0,8,,11,,4,,5,1,4,3,2,2,2,6,6,6,-9,4,4,4,5,5,2,2,2,2,2,2,2,2,2,1,2,2,2,1,1,1,1,2,24,24,2,3,1,1,3,0.75,0.25,0.25,0.75,0.0,0.5,Neutral,Medium
424,vtsoz,1,4.0,50.0,5.0,50.0,2.5,3.0,4.666666667,2.0,4.0,Male,52.0,6,,7,,4,,5,1,2,3,3,4,2,5,5,4,4,4,4,2,2,2,1,2,1,1,2,2,2,2,2,2,2,1,2,1,1,2,2,1,23,23,67,2,2,2,2,0.5,0.5,0.5,0.5,0.0,0.0,Neutral,Low
425,vtsoz,1,6.0,75.0,8.0,80.0,1.0,5.333333333,6.0,6.0,4.0,Female,24.0,8,,11,,3,,5,2,1,1,5,6,5,6,6,6,5,3,4,6,6,6,2,2,1,2,2,1,2,2,1,1,2,2,2,1,2,1,1,1,24,24,20,3,1,1,3,0.75,0.25,0.25,0.75,0.0,0.5,Neutral,Medium
427,vtsoz,1,3.0,38.0,6.0,60.0,1.0,1.0,6.0,1.0,5.0,Male,59.0,5,,5,,4,,5,2,1,1,1,1,1,6,6,6,5,5,5,1,1,1,1,2,1,2,2,1,2,2,2,1,2,2,1,1,1,2,2,2,24,24,0,2,2,3,1,0.5,0.5,0.75,0.25,0.25,-0.25,Liberal,Low
431,vtsoz,1,7.0,88.0,8.0,80.0,4.0,2.333333333,4.666666667,4.0,3.0,Female,46.0,7,,1,,4,,5,2,4,4,4,1,2,5,5,4,4,3,2,4,4,4,2,2,2,2,2,2,2,2,2,2,2,2,2,1,1,1,1,1,22,22,9,3,1,0,4,0.75,0.25,0.0,1.0,-0.25,0.75,Conservative,High
432,vtsoz,1,4.0,50.0,4.0,40.0,3.0,3.0,6.0,3.0,2.333333333,Male,46.0,5,,7,,4,,1,2,3,3,4,2,3,6,6,6,3,2,2,4,2,3,1,1,1,2,1,1,2,2,1,2,2,2,2,1,2,1,2,2,23,23,6,3,1,3,1,0.75,0.25,0.75,0.25,0.5,0.0,Liberal,Low
433,vtsoz,1,5.0,63.0,7.0,70.0,4.5,3.0,6.0,5.0,3.0,Male,21.0,7,,1,,3,,5,2,4,5,3,1,5,6,6,6,4,3,2,5,5,5,1,2,1,2,2,2,2,2,1,2,2,2,2,1,2,2,1,1,24,24,17,3,1,2,2,0.75,0.25,0.5,0.5,0.25,0.25,Liberal,Medium
436,vtsoz,1,7.0,88.0,7.0,70.0,1.0,3.666666667,6.0,4.0,2.666666667,Male,22.0,7,,1,,3,,5,2,1,1,4,4,3,6,6,6,4,2,2,4,4,4,1,2,1,2,2,2,2,2,1,2,2,2,2,1,1,1,1,1,24,24,75,3,1,0,4,0.75,0.25,0.0,1.0,-0.25,0.75,Conservative,High
437,vtsoz,1,6.0,75.0,9.0,90.0,4.0,1.666666667,5.0,5.0,3.0,Female,36.0,8,,11,,5,,4,2,4,4,2,2,1,5,5,5,3,3,3,5,5,5,2,2,1,2,2,2,2,2,1,1,2,2,2,1,2,1,1,1,24,24,2,3,1,1,3,0.75,0.25,0.25,0.75,0.0,0.5,Neutral,Medium
440,vtsoz,1,4.0,50.0,6.0,60.0,1.0,1.0,6.0,3.0,6.0,Female,55.0,4,,9,,4,,5,1,1,1,1,1,1,6,6,6,6,6,6,3,3,3,1,2,1,1,2,1,2,2,1,1,2,2,2,2,2,2,2,2,24,24,36,4,0,4,0,1.0,0.0,1.0,0.0,1.0,0.0,Liberal,Low
441,vtsoz,1,7.0,88.0,8.0,80.0,5.0,1.333333333,6.0,3.666666667,3.666666667,,18.0,7,,1,,3,,5,2,5,5,2,1,1,6,6,6,5,3,3,4,4,3,2,2,1,2,2,2,2,2,1,2,2,2,2,1,1,1,1,1,24,24,20,3,1,0,4,0.75,0.25,0.0,1.0,-0.25,0.75,Conservative,High
442,vtsoz,1,5.0,63.0,9.0,90.0,5.0,3.666666667,5.666666667,4.333333333,3.333333333,Male,54.0,8,,11,,4,,1,2,5,5,3,4,4,6,6,5,4,3,3,5,4,4,2,2,2,2,2,2,2,2,2,1,2,2,2,2,2,1,2,2,24,24,41,4,0,3,1,1.0,0.0,0.75,0.25,0.75,0.25,Liberal,Medium
443,vtsoz,1,7.0,88.0,9.0,90.0,4.5,1.333333333,5.666666667,4.0,3.0,Female,56.0,8,,11,,4,,5,2,5,4,2,1,1,6,6,5,3,3,3,4,4,4,2,2,2,2,2,2,2,2,2,1,2,2,2,2,1,2,1,1,24,24,35,4,0,1,3,1.0,0.0,0.25,0.75,0.25,0.75,Liberal,High
444,vtsoz,1,4.0,50.0,6.0,60.0,5.0,1.333333333,6.0,5.0,3.666666667,Male,39.0,7,,7,,2,,5,2,5,5,2,1,1,6,6,6,5,3,3,5,5,5,1,2,1,2,2,1,2,2,1,2,2,2,2,1,2,1,2,2,24,24,9,3,1,3,1,0.75,0.25,0.75,0.25,0.5,0.0,Liberal,Low
445,vtsoz,1,4.0,50.0,9.0,90.0,,,,,,Female,44.0,9,,1,,1,,5,-9,-9,-9,-9,-9,-9,-9,-9,-9,-9,-9,-9,-9,-9,-9,2,2,2,2,2,1,2,2,1,1,2,2,2,2,2,2,2,2,22,22,170,4,0,4,0,1.0,0.0,1.0,0.0,1.0,0.0,Liberal,Low
446,vtsoz,1,5.0,63.0,7.0,70.0,5.0,3.333333333,6.0,5.0,4.0,Male,46.0,8,,9,,4,,4,2,5,5,3,4,3,6,6,6,4,4,4,5,5,5,2,2,1,2,2,2,2,2,2,2,2,2,2,2,1,2,2,2,23,23,17,4,0,3,1,1.0,0.0,0.75,0.25,0.75,0.25,Liberal,Medium
447,vtsoz,1,5.0,63.0,7.0,70.0,5.0,4.333333333,6.0,5.0,1.333333333,Female,40.0,8,,11,,4,,5,2,5,5,3,5,5,6,6,6,2,1,1,5,5,5,1,2,1,2,2,2,2,1,1,1,2,1,2,1,2,1,1,1,24,24,23,2,2,1,3,0.5,0.5,0.25,0.75,-0.25,0.25,Conservative,Medium
448,vtsoz,1,7.0,88.0,8.0,80.0,5.0,1.0,5.666666667,3.666666667,2.666666667,Female,72.0,8,,10,,8,Rentner,5,2,5,5,1,1,1,5,6,6,3,3,2,5,3,3,2,2,2,2,2,1,2,2,2,1,2,2,2,1,1,1,1,1,24,24,21,3,1,0,4,0.75,0.25,0.0,1.0,-0.25,0.75,Conservative,High
449,vtsoz,1,4.0,50.0,7.0,70.0,6.0,3.0,6.0,5.0,2.666666667,Female,55.0,7,,9,,6,,4,2,6,6,4,4,1,6,6,6,3,3,2,5,5,5,2,2,1,2,2,1,2,2,2,1,2,2,2,1,2,2,2,1,24,24,40,3,1,3,1,0.75,0.25,0.75,0.25,0.5,0.0,Liberal,Low
450,vtsoz,1,4.0,50.0,9.0,90.0,6.0,1.0,6.0,6.0,3.666666667,Female,49.0,8,,11,,4,,1,2,6,6,1,1,1,6,6,6,6,3,2,6,6,6,2,2,2,2,2,2,2,2,2,1,2,2,2,2,2,2,2,2,24,24,32,4,0,4,0,1.0,0.0,1.0,0.0,1.0,0.0,Liberal,Low
451,vtsoz,1,6.0,75.0,6.0,60.0,2.5,3.666666667,6.0,3.0,3.666666667,Female,20.0,7,,11,,3,,5,2,2,3,4,2,5,6,6,6,3,4,4,3,3,3,1,2,1,2,2,1,2,2,1,2,2,2,2,2,1,2,1,2,24,24,6,4,0,2,2,1.0,0.0,0.5,0.5,0.5,0.5,Liberal,Medium
453,vtsoz,1,6.0,75.0,9.0,90.0,3.0,2.333333333,3.333333333,4.0,2.333333333,Female,24.0,8,,11,,3,,5,2,3,3,4,1,2,3,2,5,3,2,2,4,4,4,2,2,1,2,2,2,2,2,1,1,2,2,2,1,1,2,1,1,24,24,43,3,1,1,3,0.75,0.25,0.25,0.75,0.0,0.5,Neutral,Medium
454,vtsoz,1,6.0,75.0,7.0,70.0,2.5,2.666666667,5.333333333,3.333333333,3.666666667,Male,23.0,8,,11,,3,,5,2,2,3,4,2,2,5,6,5,4,4,3,3,4,3,1,2,1,2,2,1,2,2,1,1,2,2,2,1,1,2,1,1,24,24,31,3,1,1,3,0.75,0.25,0.25,0.75,0.0,0.5,Neutral,Medium
456,vtsoz,1,7.0,88.0,7.0,70.0,4.0,1.666666667,6.0,4.0,2.0,Male,53.0,7,,11,,6,,4,2,4,4,2,1,2,6,6,6,3,2,1,4,4,4,1,2,1,2,2,2,2,2,2,1,2,2,2,1,1,1,1,1,24,24,6,3,1,0,4,0.75,0.25,0.0,1.0,-0.25,0.75,Conservative,High
457,vtsoz,1,4.0,50.0,4.0,40.0,5.0,2.0,6.0,5.333333333,2.0,Male,52.0,5,,5,,8,Hausfrau,5,2,5,5,1,3,2,6,6,6,2,3,1,5,5,6,1,1,1,2,2,1,1,2,1,2,2,2,2,2,2,2,2,2,24,24,2,4,0,4,0,1.0,0.0,1.0,0.0,1.0,0.0,Liberal,Low
458,vtsoz,1,6.0,75.0,7.0,70.0,5.0,2.333333333,5.666666667,5.0,4.0,Male,28.0,8,,11,,2,,5,1,5,5,2,2,3,5,6,6,4,4,4,5,5,5,1,2,1,2,2,1,2,2,1,1,2,2,2,1,2,1,1,1,24,24,9,3,1,1,3,0.75,0.25,0.25,0.75,0.0,0.5,Neutral,Medium
461,vtsoz,1,4.0,50.0,6.0,60.0,1.5,1.0,6.0,2.666666667,3.666666667,Male,36.0,8,,11,,4,,5,2,1,2,1,1,1,6,6,6,4,4,3,3,2,3,2,2,1,2,2,1,2,2,2,2,2,1,2,1,1,2,2,1,24,24,18,2,2,2,2,0.5,0.5,0.5,0.5,0.0,0.0,Neutral,Low
462,vtsoz,1,4.0,50.0,5.0,50.0,4.0,2.333333333,5.0,4.0,3.333333333,Male,40.0,8,,10,,6,,4,1,4,4,3,3,1,5,5,5,4,3,3,4,4,4,1,1,1,2,2,1,2,2,2,1,2,2,2,1,2,2,2,1,24,24,132,3,1,3,1,0.75,0.25,0.75,0.25,0.5,0.0,Liberal,Low
465,vtsoz,1,,,,,,,,,,Male,35.0,8,,10,,6,,3,1,3,3,3,3,2,5,5,5,4,4,4,3,3,4,1,2,1,2,1,2,1,2,1,1,2,2,2,1,2,2,1,1,19,19,201,3,1,2,2,0.75,0.25,0.5,0.5,0.25,0.25,Liberal,Medium
466,vtsoz,1,4.0,50.0,8.0,80.0,3.5,3.333333333,4.666666667,4.0,2.666666667,Male,48.0,8,,11,,4,,5,2,3,4,4,3,3,4,5,5,4,2,2,4,4,4,1,2,2,2,2,1,2,2,1,1,2,2,2,1,2,2,2,1,24,24,4,3,1,3,1,0.75,0.25,0.75,0.25,0.5,0.0,Liberal,Low
469,vtsoz,1,4.0,50.0,9.0,90.0,6.0,1.0,5.333333333,5.0,4.0,Female,56.0,8,,11,,4,,1,2,6,6,1,1,1,6,4,6,4,4,4,5,5,5,2,2,2,2,2,2,2,2,2,1,2,2,2,2,2,2,2,2,24,24,8,4,0,4,0,1.0,0.0,1.0,0.0,1.0,0.0,Liberal,Low
470,vtsoz,1,6.0,75.0,10.0,100.0,5.0,1.333333333,6.0,5.0,3.666666667,Female,26.0,7,,11,,3,,4,2,5,5,2,1,1,6,6,6,6,3,2,5,5,5,2,2,2,2,2,2,2,2,1,1,2,2,2,1,2,1,1,1,24,24,70,3,1,1,3,0.75,0.25,0.25,0.75,0.0,0.5,Neutral,Medium
471,vtsoz,1,,,,,,,,,,Male,40.0,8,,11,,4,,5,2,4,2,1,1,2,6,6,6,5,5,4,3,3,4,2,2,2,2,2,1,2,2,1,2,2,2,2,1,2,2,1,1,18,18,4,3,1,2,2,0.75,0.25,0.5,0.5,0.25,0.25,Liberal,Medium
473,vtsoz,1,6.0,75.0,7.0,70.0,4.0,2.666666667,4.0,2.0,5.666666667,Male,35.0,8,,11,,4,,5,1,4,4,2,1,5,3,3,6,6,6,5,2,2,2,1,2,1,2,2,1,2,2,1,1,2,2,2,2,2,2,1,1,24,24,23,4,0,2,2,1.0,0.0,0.5,0.5,0.5,0.5,Liberal,Medium
474,vtsoz,1,5.0,63.0,9.0,90.0,5.0,1.666666667,6.0,4.0,3.333333333,Male,52.0,5,,9,,4,,4,2,6,4,1,1,3,6,6,6,4,2,4,4,4,4,2,2,2,2,2,2,2,2,2,1,2,2,2,1,2,2,1,1,24,24,21,3,1,2,2,0.75,0.25,0.5,0.5,0.25,0.25,Liberal,Medium
475,vtsoz,1,6.0,75.0,7.0,70.0,5.5,3.666666667,6.0,5.666666667,1.666666667,Male,32.0,8,,11,,8,Studium + TZ-angestellt,5,2,5,6,2,4,5,6,6,6,2,2,1,5,6,6,1,2,2,2,2,1,2,2,2,1,2,2,2,1,1,2,1,1,24,24,5,3,1,1,3,0.75,0.25,0.25,0.75,0.0,0.5,Neutral,Medium
476,vtsoz,1,5.0,63.0,8.0,80.0,4.0,1.666666667,6.0,4.0,4.0,Male,39.0,7,,9,,8,Berufliche Neuorientierung,4,1,4,4,1,3,1,6,6,6,4,4,4,4,4,4,1,2,1,2,2,2,2,2,1,1,2,2,2,1,2,2,1,1,24,24,2,3,1,2,2,0.75,0.25,0.5,0.5,0.25,0.25,Liberal,Medium
477,vtsoz,1,7.0,88.0,6.0,60.0,5.0,4.0,6.0,5.0,3.666666667,Male,55.0,8,,10,,4,,4,2,5,5,3,4,5,6,6,6,4,3,4,5,4,6,2,2,1,1,2,1,2,2,2,1,2,2,2,2,2,1,1,1,24,24,7,4,0,1,3,1.0,0.0,0.25,0.75,0.25,0.75,Liberal,High
480,vtsoz,1,3.0,38.0,7.0,70.0,1.0,1.666666667,6.0,1.333333333,4.333333333,Male,32.0,8,,11,,4,,5,2,1,1,1,1,3,6,6,6,5,5,3,1,1,2,2,2,1,1,2,1,2,2,1,1,1,2,2,1,1,2,2,2,24,24,8,2,2,3,1,0.5,0.5,0.75,0.25,0.25,-0.25,Liberal,Low
481,vtsoz,1,3.0,38.0,7.0,70.0,5.5,2.333333333,6.0,5.0,3.333333333,Male,50.0,8,,11,,5,,4,2,6,5,2,2,3,6,6,6,4,3,3,5,5,5,2,2,1,2,2,1,2,2,2,1,2,2,2,1,2,2,2,2,24,24,7,3,1,4,0,0.75,0.25,1.0,0.0,0.75,-0.25,Liberal,Low
482,vtsoz,1,4.0,50.0,8.0,80.0,5.5,2.333333333,4.666666667,3.333333333,3.0,Male,68.0,5,,5,,8,Rentnerin,5,2,6,5,3,2,2,4,5,5,4,3,2,4,3,3,2,2,1,2,2,1,2,2,1,1,2,2,2,1,2,1,2,2,24,24,5,3,1,3,1,0.75,0.25,0.75,0.25,0.5,0.0,Liberal,Low
486,vtsoz,1,6.0,75.0,7.0,70.0,2.0,3.0,6.0,3.0,3.666666667,Male,38.0,8,,11,,8,erwerbsunfähig,5,2,2,2,3,3,3,6,6,6,5,4,2,3,2,4,1,2,1,2,2,2,2,2,1,2,2,2,2,2,1,2,1,2,23,23,23,4,0,2,2,1.0,0.0,0.5,0.5,0.5,0.5,Liberal,Medium
487,vtsoz,1,6.0,75.0,6.0,60.0,6.0,1.0,6.0,6.0,1.0,Male,57.0,8,,11,,5,,1,2,6,6,1,1,1,6,6,6,1,1,1,6,6,6,1,2,1,2,2,1,2,2,2,1,2,2,2,1,2,1,1,1,24,24,35,3,1,1,3,0.75,0.25,0.25,0.75,0.0,0.5,Neutral,Medium
488,vtsoz,1,5.0,63.0,8.0,80.0,3.5,1.333333333,6.0,3.333333333,3.0,Male,28.0,8,,11,,3,,3,2,4,3,2,1,1,6,6,6,3,3,3,3,3,4,2,2,2,2,1,1,2,2,1,1,2,2,2,1,2,2,1,1,24,24,7,3,1,2,2,0.75,0.25,0.5,0.5,0.25,0.25,Liberal,Medium
489,vtsoz,1,6.0,75.0,7.0,70.0,4.5,1.666666667,6.0,4.333333333,6.0,Male,54.0,8,,11,,6,,4,2,5,4,1,1,3,6,6,6,6,6,6,4,4,5,1,2,2,2,2,1,2,2,1,2,2,2,2,1,1,2,1,1,24,24,7,3,1,1,3,0.75,0.25,0.25,0.75,0.0,0.5,Neutral,Medium
490,vtsoz,1,6.0,75.0,6.0,60.0,3.0,2.0,6.0,4.0,5.333333333,Male,24.0,7,,7,,3,,5,2,3,3,3,1,2,6,6,6,6,5,5,4,4,4,1,2,1,2,2,1,2,2,2,1,2,2,2,1,1,2,1,1,24,24,4,3,1,1,3,0.75,0.25,0.25,0.75,0.0,0.5,Neutral,Medium
494,vtsoz,1,5.0,63.0,8.0,80.0,6.0,1.666666667,6.0,6.0,4.666666667,Female,65.0,7,,7,,6,,3,2,6,6,1,3,1,6,6,6,6,5,3,6,6,6,2,2,1,2,2,1,2,2,1,1,2,2,2,2,2,2,1,2,21,21,12,4,0,3,1,1.0,0.0,0.75,0.25,0.75,0.25,Liberal,Medium
495,vtsoz,1,5.0,63.0,9.0,90.0,5.0,3.0,6.0,5.0,3.0,Female,76.0,6,,9,,8,Rentner,5,2,5,5,1,2,6,6,6,6,4,3,2,5,5,5,2,2,2,2,2,2,2,2,2,1,2,2,2,2,2,2,2,1,24,24,4,4,0,3,1,1.0,0.0,0.75,0.25,0.75,0.25,Liberal,Medium
499,vtsoz,1,3.0,38.0,6.0,60.0,4.0,2.666666667,6.0,4.0,3.0,Male,74.0,4,,9,,8,Rentnerin,-9,2,4,4,3,2,3,6,6,6,3,3,3,4,4,4,2,2,1,2,2,1,2,1,2,1,2,2,2,1,2,2,2,2,24,24,4,3,1,4,0,0.75,0.25,1.0,0.0,0.75,-0.25,Liberal,Low
501,vtsoz,1,5.0,63.0,7.0,70.0,3.5,4.0,6.0,4.666666667,3.333333333,Male,23.0,7,,4,,3,,4,2,4,3,5,3,4,6,6,6,4,3,3,4,5,5,2,2,1,2,2,2,2,2,2,2,2,2,2,1,1,2,2,1,24,24,16,3,1,2,2,0.75,0.25,0.5,0.5,0.25,0.25,Liberal,Medium
516,vtsoz,1,3.0,38.0,5.0,50.0,4.5,4.0,5.0,3.333333333,3.0,Female,48.0,5,,5,,8,Rentner,5,2,5,4,4,4,4,5,5,5,3,3,3,4,3,3,1,1,1,2,1,1,2,2,1,1,2,2,2,1,2,2,2,2,24,24,5,3,1,4,0,0.75,0.25,1.0,0.0,0.75,-0.25,Liberal,Low
517,vtsoz,1,5.0,63.0,7.0,70.0,5.5,2.666666667,4.333333333,5.0,2.0,Female,67.0,7,,12,Vordiplom VWL,8,Rentner / Seniorenstudium,1,2,6,5,4,3,1,4,4,5,3,2,1,4,5,6,2,2,1,2,2,1,2,2,2,1,1,2,2,1,1,2,1,1,24,24,3,2,2,1,3,0.5,0.5,0.25,0.75,-0.25,0.25,Conservative,Medium
518,vtsoz,1,5.0,63.0,7.0,70.0,3.0,1.0,6.0,4.0,5.666666667,Female,36.0,7,,9,,3,,5,2,3,3,1,1,1,6,6,6,6,6,5,4,5,3,1,2,1,2,2,2,2,2,2,1,2,2,2,1,2,2,1,1,24,24,43,3,1,2,2,0.75,0.25,0.5,0.5,0.25,0.25,Liberal,Medium
519,vtsoz,1,5.0,63.0,9.0,90.0,5.5,3.0,6.0,4.0,2.666666667,Male,21.0,7,,1,,3,,5,2,5,6,3,3,3,6,6,6,2,2,4,4,4,4,1,2,2,2,2,2,2,2,1,1,2,1,2,1,1,2,1,1,24,24,22,2,2,1,3,0.5,0.5,0.25,0.75,-0.25,0.25,Conservative,Medium
520,vtsoz,1,5.0,63.0,6.0,60.0,2.5,2.666666667,4.333333333,5.0,3.0,Male,37.0,8,,11,,4,,4,2,3,2,2,2,4,4,4,5,3,3,3,5,5,5,1,2,1,2,2,1,2,2,1,2,2,2,1,1,1,1,2,1,24,24,36,2,2,1,3,0.5,0.5,0.25,0.75,-0.25,0.25,Conservative,Medium
521,vtsoz,1,7.0,88.0,5.0,50.0,4.0,4.333333333,6.0,3.666666667,5.0,Male,25.0,8,,11,,3,,1,2,4,4,4,4,5,6,6,6,5,5,5,4,4,3,1,2,1,2,2,1,2,2,2,2,2,2,2,2,2,1,1,1,24,24,23,4,0,1,3,1.0,0.0,0.25,0.75,0.25,0.75,Liberal,High
523,vtsoz,1,5.0,63.0,4.0,40.0,6.0,4.333333333,6.0,5.333333333,6.0,Male,71.0,8,,10,,8,Rentnerin,5,1,6,6,3,5,5,6,6,6,6,6,6,5,5,6,1,1,1,1,2,1,2,2,1,2,2,2,2,2,2,1,2,2,24,24,28,4,0,3,1,1.0,0.0,0.75,0.25,0.75,0.25,Liberal,Medium
525,vtsoz,1,5.0,63.0,8.0,80.0,6.0,2.666666667,6.0,4.666666667,3.333333333,Female,45.0,4,,4,,4,,3,2,6,6,3,3,2,6,6,6,4,4,2,5,4,5,1,2,2,2,2,2,2,1,1,1,2,2,1,1,1,2,1,1,24,24,4,2,2,1,3,0.5,0.5,0.25,0.75,-0.25,0.25,Conservative,Medium
527,vtsoz,1,4.0,50.0,9.0,90.0,5.0,1.666666667,6.0,4.666666667,2.333333333,Male,34.0,7,,8,,4,,5,2,5,5,2,1,2,6,6,6,3,2,2,5,4,5,2,2,2,2,2,2,2,2,1,2,2,2,2,2,2,2,2,2,24,24,1,4,0,4,0,1.0,0.0,1.0,0.0,1.0,0.0,Liberal,Low
528,vtsoz,1,5.0,63.0,6.0,60.0,2.5,2.0,6.0,4.0,3.333333333,Female,58.0,4,,9,,4,,5,2,3,2,3,1,2,6,6,6,4,3,3,4,4,4,1,2,1,2,2,2,2,2,2,2,2,2,2,2,1,2,2,2,24,24,12,4,0,3,1,1.0,0.0,0.75,0.25,0.75,0.25,Liberal,Medium
529,vtsoz,1,5.0,63.0,8.0,80.0,5.0,1.333333333,5.666666667,4.0,4.333333333,Male,59.0,4,,-9,,4,,1,2,5,5,2,1,1,5,6,6,5,4,4,4,3,5,2,2,1,2,2,2,2,2,2,1,2,2,2,1,2,2,1,1,24,24,22,3,1,2,2,0.75,0.25,0.5,0.5,0.25,0.25,Liberal,Medium
533,vtsoz,1,7.0,88.0,8.0,80.0,6.0,1.0,6.0,6.0,2.666666667,Female,59.0,7,,11,,5,,1,2,6,6,1,1,1,6,6,6,3,3,2,6,6,6,2,2,2,2,2,2,2,2,2,2,2,2,2,2,1,2,1,1,24,24,26,4,0,1,3,1.0,0.0,0.25,0.75,0.25,0.75,Liberal,High
535,vtsoz,1,5.0,63.0,7.0,70.0,5.0,2.0,6.0,4.0,3.666666667,Female,54.0,8,,11,,4,,4,2,5,5,2,2,2,6,6,6,5,3,3,4,4,4,2,2,1,2,2,1,1,2,1,1,2,2,2,1,2,2,1,1,24,24,39,3,1,2,2,0.75,0.25,0.5,0.5,0.25,0.25,Liberal,Medium
536,vtsoz,1,4.0,50.0,8.0,80.0,6.0,1.0,6.0,5.0,5.333333333,Male,63.0,8,,11,,6,,1,2,6,6,1,1,1,6,6,6,6,5,5,5,5,5,1,2,2,2,2,2,2,2,2,1,2,2,2,1,2,2,2,1,24,24,22,3,1,3,1,0.75,0.25,0.75,0.25,0.5,0.0,Liberal,Low
539,vtsoz,1,7.0,88.0,7.0,70.0,6.0,2.333333333,5.333333333,6.0,1.666666667,Male,44.0,8,,10,,4,,1,2,6,6,1,5,1,5,6,5,3,1,1,6,6,6,1,2,1,1,2,2,2,2,1,1,2,2,2,2,2,1,1,1,24,24,2,4,0,1,3,1.0,0.0,0.25,0.75,0.25,0.75,Liberal,High
541,vtsoz,1,5.0,63.0,8.0,80.0,5.0,3.666666667,6.0,4.666666667,3.0,Female,23.0,8,,1,,3,,5,2,5,5,3,5,3,6,6,6,4,3,2,5,5,4,2,2,1,2,2,2,2,2,2,1,2,2,2,1,2,2,1,1,24,24,23,3,1,2,2,0.75,0.25,0.5,0.5,0.25,0.25,Liberal,Medium
542,vtsoz,1,3.0,38.0,8.0,80.0,6.0,2.666666667,6.0,5.666666667,3.0,Female,64.0,10,Industrie Meister,9,,4,,1,2,6,6,1,4,3,6,6,6,4,3,2,6,6,5,1,2,2,2,2,1,2,2,1,1,2,2,1,1,1,2,2,2,24,24,11,2,2,3,1,0.5,0.5,0.75,0.25,0.25,-0.25,Liberal,Low
543,vtsoz,1,5.0,63.0,6.0,60.0,3.5,3.666666667,5.666666667,3.666666667,4.333333333,Female,24.0,7,,7,,3,,4,2,4,3,4,3,4,5,6,6,4,5,4,4,3,4,1,2,1,2,2,1,2,2,1,2,2,2,2,1,1,2,1,2,24,24,35,3,1,2,2,0.75,0.25,0.5,0.5,0.25,0.25,Liberal,Medium
545,vtsoz,1,6.0,75.0,6.0,60.0,3.5,3.666666667,6.0,3.666666667,2.333333333,Male,37.0,8,,11,,4,,5,2,4,3,5,2,4,6,6,6,3,2,2,4,3,4,1,2,1,2,2,1,2,2,1,2,2,2,2,1,2,1,1,1,24,24,17,3,1,1,3,0.75,0.25,0.25,0.75,0.0,0.5,Neutral,Medium
547,vtsoz,1,6.0,75.0,7.0,70.0,3.5,3.333333333,6.0,4.333333333,3.0,Female,53.0,8,,11,,4,,1,2,4,3,4,3,3,6,6,6,4,3,2,5,4,4,1,2,1,2,2,1,2,2,1,1,2,2,2,2,2,2,1,1,24,24,30,4,0,2,2,1.0,0.0,0.5,0.5,0.5,0.5,Liberal,Medium
548,vtsoz,1,6.0,75.0,7.0,70.0,5.0,2.0,6.0,4.0,2.666666667,Male,51.0,8,,10,,8,Mutter und Hausfrau / Ehrenamt,4,2,5,5,2,2,2,6,6,6,3,3,2,4,4,4,2,2,1,2,2,1,2,2,2,1,2,2,2,2,2,2,1,1,23,23,26,4,0,2,2,1.0,0.0,0.5,0.5,0.5,0.5,Liberal,Medium
549,vtsoz,1,3.0,38.0,2.0,20.0,5.0,3.666666667,6.0,5.0,2.333333333,Female,79.0,4,,5,,8,Rentner,3,2,5,5,4,3,4,6,6,6,3,2,2,5,5,5,1,1,1,2,2,1,1,1,2,2,2,2,2,1,2,2,2,2,24,24,5,3,1,4,0,0.75,0.25,1.0,0.0,0.75,-0.25,Liberal,Low
550,vtsoz,1,5.0,63.0,6.0,60.0,5.0,3.333333333,5.666666667,4.666666667,3.666666667,Female,22.0,8,,10,,5,,5,2,5,5,4,3,3,6,5,6,4,4,3,5,5,4,1,2,1,2,2,1,2,2,1,2,2,2,2,1,2,2,1,1,24,24,29,3,1,2,2,0.75,0.25,0.5,0.5,0.25,0.25,Liberal,Medium
551,vtsoz,1,6.0,75.0,10.0,100.0,6.0,4.666666667,6.0,4.333333333,3.0,Male,30.0,8,,11,,4,,1,2,6,6,5,4,5,6,6,6,3,3,3,5,5,3,2,2,2,2,2,2,2,2,1,1,2,2,2,1,1,2,1,1,24,24,18,3,1,1,3,0.75,0.25,0.25,0.75,0.0,0.5,Neutral,Medium
552,vtsoz,1,5.0,63.0,8.0,80.0,4.0,1.5,6.0,4.666666667,3.333333333,Male,55.0,8,,11,,6,,1,2,5,3,2,1,-9,6,6,6,3,4,3,5,5,4,1,2,2,2,2,1,2,2,1,1,2,2,2,1,2,2,1,1,24,24,1,3,1,2,2,0.75,0.25,0.5,0.5,0.25,0.25,Liberal,Medium
554,lnkd,1,7.0,88.0,5.0,50.0,6.0,2.333333333,6.0,6.0,5.333333333,Female,22.0,7,,1,,6,,4,2,6,6,3,3,1,6,6,6,6,5,5,6,6,6,1,2,2,1,2,1,2,2,2,2,2,2,2,2,1,2,1,1,24,24,70,4,0,1,3,1.0,0.0,0.25,0.75,0.25,0.75,Liberal,High
555,vtsoz,1,6.0,75.0,7.0,70.0,5.5,3.666666667,6.0,4.666666667,1.666666667,Male,20.0,7,,1,,3,,2,2,5,6,4,4,3,6,6,6,2,1,2,5,4,5,1,2,1,2,2,1,2,2,1,1,2,2,2,1,1,2,1,1,24,24,52,3,1,1,3,0.75,0.25,0.25,0.75,0.0,0.5,Neutral,Medium
557,vtsoz,1,4.0,50.0,8.0,80.0,3.0,1.0,6.0,2.666666667,3.0,Male,56.0,7,,8,,4,,4,2,4,2,1,1,1,6,6,6,5,2,2,2,1,5,1,2,1,2,2,2,2,2,1,1,2,1,2,1,1,2,1,2,24,24,24,2,2,2,2,0.5,0.5,0.5,0.5,0.0,0.0,Neutral,Low
558,vtsoz,1,5.0,63.0,9.0,90.0,5.0,1.0,6.0,4.0,5.666666667,Male,29.0,8,,11,,4,,4,2,5,5,1,1,1,6,6,6,6,5,6,4,4,4,2,2,2,2,2,1,2,2,1,1,2,2,2,2,2,2,1,2,24,24,25,4,0,3,1,1.0,0.0,0.75,0.25,0.75,0.25,Liberal,Medium
559,vtsoz,1,4.0,50.0,9.0,90.0,4.5,1.0,6.0,4.0,4.0,Male,53.0,5,,4,,4,,4,2,5,4,1,1,1,6,6,6,6,4,2,4,4,4,1,2,2,2,2,2,2,2,1,1,2,2,2,1,2,2,1,2,24,24,26,3,1,3,1,0.75,0.25,0.75,0.25,0.5,0.0,Liberal,Low
560,vtsoz,1,6.0,75.0,8.0,80.0,3.5,3.666666667,6.0,4.666666667,4.666666667,Female,73.0,7,,8,,8,Rentner,4,2,4,3,4,3,4,6,6,6,5,4,5,4,5,5,2,2,1,2,2,1,2,2,1,1,2,2,2,2,2,2,1,1,21,21,14,4,0,2,2,1.0,0.0,0.5,0.5,0.5,0.5,Liberal,Medium
561,vtsoz,1,5.0,63.0,9.0,90.0,6.0,1.0,6.0,6.0,2.666666667,Male,50.0,4,,12,abgeschlossene Berufsausbildung,4,,5,2,6,6,1,1,1,6,6,6,3,3,2,6,6,6,2,2,2,2,2,1,2,2,1,1,2,2,2,2,2,2,2,1,24,24,26,4,0,3,1,1.0,0.0,0.75,0.25,0.75,0.25,Liberal,Medium
563,vtsoz,1,5.0,63.0,7.0,70.0,4.0,3.0,6.0,5.0,5.0,Female,25.0,5,,4,,4,,5,1,3,5,4,3,2,6,6,6,5,5,5,5,5,5,2,2,1,2,2,2,2,2,2,2,2,2,2,1,2,2,1,1,23,23,5,3,1,2,2,0.75,0.25,0.5,0.5,0.25,0.25,Liberal,Medium
564,vtsoz,1,5.0,63.0,8.0,80.0,6.0,3.333333333,5.333333333,5.333333333,2.666666667,Female,36.0,8,,10,,5,,2,2,6,6,4,3,3,5,5,6,3,3,2,5,6,5,2,2,1,2,2,2,2,2,1,2,2,2,2,2,2,2,1,2,24,24,74,4,0,3,1,1.0,0.0,0.75,0.25,0.75,0.25,Liberal,Medium
565,vtsoz,1,,,,,,,,,,Male,32.0,8,,11,,4,,5,2,6,6,1,1,1,6,6,6,4,2,1,5,6,6,1,2,2,2,2,2,2,2,2,2,2,2,2,1,1,2,1,1,19,20,23,3,1,1,3,0.75,0.25,0.25,0.75,0.0,0.5,Neutral,Medium
566,vtsoz,1,4.0,50.0,7.0,70.0,4.5,2.333333333,6.0,3.0,5.333333333,Male,49.0,8,,11,,5,,5,2,5,4,1,3,3,6,6,6,6,5,5,3,3,3,1,2,1,2,2,2,2,2,2,1,2,2,2,1,1,2,2,2,24,24,6,3,1,3,1,0.75,0.25,0.75,0.25,0.5,0.0,Liberal,Low
568,vtsoz,1,4.0,50.0,8.0,80.0,6.0,1.0,6.0,5.666666667,2.333333333,Female,67.0,8,,11,,8,Rentner,5,2,6,6,1,1,1,6,6,6,4,2,1,5,6,6,2,2,2,1,2,1,2,2,1,1,2,2,2,2,2,2,2,2,24,24,6,4,0,4,0,1.0,0.0,1.0,0.0,1.0,0.0,Liberal,Low
569,vtsoz,1,6.0,75.0,6.0,60.0,5.5,2.666666667,6.0,5.0,1.666666667,Female,23.0,7,,1,,3,,5,2,5,6,3,3,2,6,6,6,2,2,1,5,4,6,1,1,1,2,2,2,2,2,2,1,2,2,2,1,1,2,1,1,24,24,55,3,1,1,3,0.75,0.25,0.25,0.75,0.0,0.5,Neutral,Medium
570,vtsoz,1,5.0,63.0,8.0,80.0,5.5,2.666666667,6.0,4.666666667,4.0,Female,60.0,8,,11,,5,,3,2,5,6,4,2,2,6,6,6,6,4,2,4,5,5,2,2,1,2,2,2,2,2,2,1,2,2,2,1,2,1,1,2,24,24,4,3,1,2,2,0.75,0.25,0.5,0.5,0.25,0.25,Liberal,Medium
573,vtsoz,1,6.0,75.0,9.0,90.0,4.0,1.333333333,6.0,4.666666667,4.333333333,Female,19.0,7,,1,,3,,5,2,4,4,1,1,2,6,6,6,5,5,3,4,5,5,2,2,1,2,2,2,2,2,1,1,2,2,2,2,2,2,1,1,24,24,0,4,0,2,2,1.0,0.0,0.5,0.5,0.5,0.5,Liberal,Medium
574,vtsoz,1,4.0,50.0,7.0,70.0,4.0,3.0,6.0,4.333333333,3.333333333,Male,40.0,5,,5,,4,,1,2,4,4,2,4,3,6,6,6,4,3,3,4,4,5,2,2,1,2,2,1,2,2,2,1,2,2,2,1,2,1,2,2,24,24,3,3,1,3,1,0.75,0.25,0.75,0.25,0.5,0.0,Liberal,Low
575,vtsoz,1,5.0,63.0,8.0,80.0,6.0,1.0,6.0,6.0,3.0,Female,64.0,8,,11,,8,Rentner,5,2,6,6,1,1,1,6,6,6,5,2,2,6,6,6,1,2,2,2,2,2,2,2,2,1,2,2,2,2,2,2,1,2,24,24,5,4,0,3,1,1.0,0.0,0.75,0.25,0.75,0.25,Liberal,Medium
578,vtsoz,1,5.0,63.0,6.0,60.0,3.0,3.333333333,6.0,3.333333333,4.0,Male,31.0,8,,11,,4,,4,2,3,3,3,4,3,6,6,6,4,4,4,4,4,2,1,2,1,1,2,2,2,2,1,2,1,2,2,1,1,2,1,1,24,24,69,2,2,1,3,0.5,0.5,0.25,0.75,-0.25,0.25,Conservative,Medium
579,vtsoz,1,3.0,38.0,7.0,70.0,6.0,3.666666667,6.0,6.0,3.0,Female,66.0,4,,9,,8,Rentner,-9,2,6,6,5,5,1,6,6,6,4,3,2,6,6,6,1,2,2,2,2,1,2,2,2,1,2,2,2,1,2,2,2,2,24,24,32,3,1,4,0,0.75,0.25,1.0,0.0,0.75,-0.25,Liberal,Low
580,vtsoz,1,3.0,38.0,6.0,60.0,6.0,1.666666667,6.0,6.0,4.0,Female,56.0,5,,7,,4,,5,2,6,6,1,1,3,6,6,6,6,3,3,6,6,6,1,2,1,2,2,1,1,2,1,1,2,2,2,1,2,2,2,2,24,24,0,3,1,4,0,0.75,0.25,1.0,0.0,0.75,-0.25,Liberal,Low
583,vtsoz,1,4.0,50.0,5.0,50.0,5.0,1.0,6.0,3.666666667,3.666666667,Female,75.0,4,,5,,8,Rentner,5,1,5,5,1,1,1,6,6,6,4,3,4,4,3,4,1,2,1,2,2,1,1,2,2,1,2,1,2,1,2,1,1,2,24,24,0,2,2,2,2,0.5,0.5,0.5,0.5,0.0,0.0,Neutral,Low
584,vtsoz,1,4.0,50.0,8.0,80.0,5.5,4.0,6.0,5.0,3.333333333,Female,61.0,6,,5,,8,Rentner,5,2,5,6,4,3,5,6,6,6,4,4,2,5,5,5,1,2,1,2,2,2,2,2,1,1,2,2,2,1,1,2,2,2,24,24,4,3,1,3,1,0.75,0.25,0.75,0.25,0.5,0.0,Liberal,Low
585,vtsoz,1,8.0,100.0,7.0,70.0,5.0,1.666666667,4.0,4.666666667,3.0,,44.0,8,,4,,4,,4,2,5,5,1,1,3,3,3,6,5,2,2,4,4,6,1,2,1,2,2,1,2,2,1,1,2,2,2,2,1,1,1,1,24,24,46,4,0,0,4,1.0,0.0,0.0,1.0,0.0,1.0,Neutral,High
586,vtsoz,1,5.0,63.0,7.0,70.0,5.0,2.0,6.0,4.0,3.0,Male,22.0,7,,1,,3,,5,2,5,5,2,2,2,6,6,6,3,3,3,4,4,4,1,2,1,2,2,1,2,2,1,1,2,2,2,1,2,2,1,1,24,24,22,3,1,2,2,0.75,0.25,0.5,0.5,0.25,0.25,Liberal,Medium
587,vtsoz,1,4.0,50.0,5.0,50.0,5.0,2.0,5.0,2.0,2.0,Male,57.0,6,,7,,4,,5,2,5,5,3,2,1,5,5,5,2,2,2,2,2,2,2,2,1,1,2,1,1,2,1,2,2,2,2,1,2,2,1,2,21,21,12,3,1,3,1,0.75,0.25,0.75,0.25,0.5,0.0,Liberal,Low
589,vtsoz,1,5.0,63.0,5.0,50.0,4.0,2.333333333,6.0,4.666666667,3.333333333,Female,63.0,8,,11,,4,,5,2,4,4,3,2,2,6,6,6,4,2,4,4,5,5,1,2,1,2,2,1,1,2,2,1,2,2,2,1,2,1,2,1,24,24,1,3,1,2,2,0.75,0.25,0.5,0.5,0.25,0.25,Liberal,Medium
590,vtsoz,1,5.0,63.0,7.0,70.0,3.5,3.666666667,6.0,4.0,5.0,Male,18.0,7,,1,,3,,-9,2,4,3,4,3,4,6,6,6,5,5,5,5,3,4,1,2,1,2,2,2,2,2,1,2,2,2,1,1,1,2,1,1,24,24,23,2,2,1,3,0.5,0.5,0.25,0.75,-0.25,0.25,Conservative,Medium
591,vtsoz,1,3.0,38.0,5.0,50.0,5.0,1.0,5.666666667,3.666666667,5.333333333,Female,64.0,5,,9,,6,,5,1,-9,5,1,1,1,6,5,6,6,6,4,4,3,4,1,1,1,2,2,2,2,1,2,1,2,2,2,1,2,2,2,2,24,24,3,3,1,4,0,0.75,0.25,1.0,0.0,0.75,-0.25,Liberal,Low
594,vtsoz,1,7.0,88.0,6.0,60.0,5.5,5.0,4.0,4.0,4.0,Female,62.0,8,,11,,4,,5,2,6,5,5,5,5,4,4,4,4,4,4,4,4,4,2,2,2,1,1,1,2,1,1,1,2,2,1,2,1,1,1,1,22,22,303,3,1,0,4,0.75,0.25,0.0,1.0,-0.25,0.75,Conservative,High
595,vtsoz,1,6.0,75.0,5.0,50.0,5.5,4.0,6.0,4.333333333,2.333333333,Male,64.0,8,,11,,6,,5,2,6,5,4,4,4,6,6,6,3,2,2,5,4,4,1,2,1,2,2,1,1,2,2,1,2,1,2,2,1,2,1,1,24,24,0,3,1,1,3,0.75,0.25,0.25,0.75,0.0,0.5,Neutral,Medium
596,vtsoz,1,3.0,38.0,4.0,40.0,1.0,1.333333333,6.0,1.666666667,2.333333333,Male,55.0,7,,9,,4,,5,2,1,1,2,1,1,6,6,6,3,2,2,2,2,1,1,2,1,1,2,1,2,2,2,2,2,2,2,1,2,2,2,2,24,24,34,3,1,4,0,0.75,0.25,1.0,0.0,0.75,-0.25,Liberal,Low
597,vtsoz,1,7.0,88.0,9.0,90.0,4.5,1.666666667,6.0,5.0,3.0,Female,31.0,6,,4,,4,,5,1,5,4,1,2,2,6,6,6,4,3,2,5,5,5,2,2,2,1,2,2,2,2,1,1,2,2,2,2,1,2,1,1,24,24,32,4,0,1,3,1.0,0.0,0.25,0.75,0.25,0.75,Liberal,High
598,vtsoz,1,6.0,75.0,8.0,80.0,5.0,1.0,6.0,4.0,3.0,Male,58.0,8,,11,,4,,5,2,5,5,1,1,1,6,6,6,5,2,2,4,4,4,2,2,2,2,2,1,2,2,2,1,2,2,2,1,2,1,1,1,24,24,4,3,1,1,3,0.75,0.25,0.25,0.75,0.0,0.5,Neutral,Medium
599,vtsoz,1,4.0,50.0,7.0,70.0,4.0,2.0,5.0,3.666666667,4.333333333,Male,51.0,7,,9,,5,,5,2,4,4,2,2,2,5,5,5,5,4,4,3,4,4,1,2,1,2,2,1,2,2,1,1,2,2,1,1,2,2,1,1,24,24,32,2,2,2,2,0.5,0.5,0.5,0.5,0.0,0.0,Neutral,Low
600,vtsoz,1,5.0,63.0,8.0,80.0,2.0,1.333333333,6.0,5.0,3.333333333,Female,61.0,8,,11,,8,Rentner,5,2,3,1,1,2,1,6,6,6,5,3,2,5,5,5,2,2,2,2,2,1,2,2,2,1,2,2,2,2,1,2,2,2,24,24,13,4,0,3,1,1.0,0.0,0.75,0.25,0.75,0.25,Liberal,Medium
601,vtsoz,1,6.0,75.0,7.0,70.0,5.0,3.333333333,5.333333333,4.333333333,2.333333333,Male,23.0,7,,9,,4,,5,2,5,5,3,3,4,5,5,6,3,2,2,4,5,4,1,2,2,2,2,1,2,2,1,2,1,2,2,2,1,2,1,1,24,24,13,3,1,1,3,0.75,0.25,0.25,0.75,0.0,0.5,Neutral,Medium
602,vtsoz,1,7.0,88.0,8.0,80.0,5.0,1.666666667,6.0,5.666666667,3.0,Male,34.0,7,,7,,8,arbeitsunfähig,5,2,5,5,2,1,2,6,6,6,4,2,3,5,6,6,1,2,2,2,2,1,2,2,1,1,2,2,2,2,1,2,1,1,24,24,5,4,0,1,3,1.0,0.0,0.25,0.75,0.25,0.75,Liberal,High
603,vtsoz,1,7.0,88.0,6.0,60.0,3.5,2.666666667,5.0,4.0,3.666666667,Male,22.0,7,,11,,3,,4,2,4,3,3,2,3,5,5,5,4,4,3,4,4,4,1,2,1,1,2,1,2,2,1,1,2,2,2,2,2,1,1,1,24,24,8,4,0,1,3,1.0,0.0,0.25,0.75,0.25,0.75,Liberal,High
605,vtsoz,1,6.0,75.0,4.0,40.0,4.0,2.0,6.0,4.333333333,2.666666667,Male,57.0,4,,5,,4,,5,2,4,4,3,2,1,6,6,6,3,2,3,5,4,4,2,1,2,1,2,1,1,2,2,2,2,2,2,1,2,1,1,1,24,24,7,3,1,1,3,0.75,0.25,0.25,0.75,0.0,0.5,Neutral,Medium
606,vtsoz,1,4.0,50.0,7.0,70.0,5.0,2.0,6.0,2.333333333,3.666666667,Male,60.0,7,,9,,4,,4,2,5,5,2,2,2,6,6,6,4,4,3,3,2,2,2,2,1,2,2,1,2,2,1,2,2,2,2,1,2,2,2,1,24,24,25,3,1,3,1,0.75,0.25,0.75,0.25,0.5,0.0,Liberal,Low
607,vtsoz,1,5.0,63.0,7.0,70.0,1.0,1.666666667,6.0,6.0,3.0,Male,29.0,8,,11,,4,,4,2,1,1,3,1,1,6,6,6,3,3,3,6,6,6,1,2,1,2,2,1,2,2,1,1,2,2,2,1,2,1,1,2,24,24,35,3,1,2,2,0.75,0.25,0.5,0.5,0.25,0.25,Liberal,Medium
608,vtsoz,1,4.0,50.0,8.0,80.0,4.0,2.666666667,6.0,3.666666667,3.0,Female,69.0,7,,10,,5,,4,2,4,4,3,2,3,6,6,6,3,4,2,3,3,5,2,2,1,2,2,1,2,2,1,1,2,2,2,2,2,2,2,2,24,24,0,4,0,4,0,1.0,0.0,1.0,0.0,1.0,0.0,Liberal,Low
609,vtsoz,1,5.0,63.0,6.0,60.0,5.5,3.0,6.0,5.666666667,4.666666667,Male,37.0,8,,11,,4,,4,2,5,6,3,3,3,6,6,6,5,4,5,5,6,6,2,1,1,2,2,1,2,2,1,2,2,2,1,2,2,2,1,1,23,23,33,3,1,2,2,0.75,0.25,0.5,0.5,0.25,0.25,Liberal,Medium
610,vtsoz,1,6.0,75.0,8.0,80.0,2.0,2.666666667,5.333333333,2.0,3.666666667,Male,24.0,8,,11,,3,,5,2,2,2,4,2,2,5,6,5,4,4,3,2,2,2,1,2,2,2,2,2,2,2,2,1,2,2,2,1,1,2,1,1,24,24,12,3,1,1,3,0.75,0.25,0.25,0.75,0.0,0.5,Neutral,Medium
611,vtsoz,1,6.0,75.0,9.0,90.0,4.0,1.0,6.0,5.0,3.0,Female,62.0,6,,7,,4,,4,2,4,4,1,1,1,6,6,6,4,3,2,4,5,6,2,2,2,2,2,2,2,2,2,1,2,2,2,1,2,1,1,1,24,24,4,3,1,1,3,0.75,0.25,0.25,0.75,0.0,0.5,Neutral,Medium
612,vtsoz,1,4.0,50.0,7.0,70.0,4.0,4.666666667,6.0,3.0,4.333333333,Male,32.0,8,,11,,4,,5,2,5,3,5,4,5,6,6,6,5,3,5,3,2,4,1,2,1,2,2,1,2,2,1,1,2,2,2,1,2,2,1,2,24,24,3,3,1,3,1,0.75,0.25,0.75,0.25,0.5,0.0,Liberal,Low
615,frnd,1,8.0,100.0,6.0,60.0,3.5,1.666666667,6.0,4.0,4.0,Male,31.0,8,,11,,8,Doktorand,5,2,4,3,2,1,2,6,6,6,4,4,4,4,4,4,1,2,1,2,2,2,2,1,2,1,2,2,2,2,1,1,1,1,24,24,25,4,0,0,4,1.0,0.0,0.0,1.0,0.0,1.0,Neutral,High
616,vtsoz,1,2.0,25.0,5.0,50.0,4.0,3.666666667,6.0,5.0,1.666666667,Male,63.0,5,,5,,8,Rentnerin,2,2,4,4,4,4,3,6,6,6,2,2,1,5,5,5,1,2,1,2,2,1,2,2,2,2,2,2,1,1,2,2,2,2,24,24,1,2,2,4,0,0.5,0.5,1.0,0.0,0.5,-0.5,Liberal,Low
617,vtsoz,1,5.0,63.0,5.0,50.0,5.5,3.0,6.0,5.0,3.0,Female,56.0,6,,10,,4,,2,2,6,5,3,3,3,6,6,6,3,3,3,5,5,5,1,2,1,2,1,1,2,2,2,1,2,2,2,1,2,2,1,1,24,24,5,3,1,2,2,0.75,0.25,0.5,0.5,0.25,0.25,Liberal,Medium
618,vtsoz,1,6.0,75.0,8.0,80.0,6.0,2.333333333,6.0,3.333333333,4.333333333,Male,41.0,10,Promotion,11,,4,,5,2,6,6,2,1,4,6,6,6,5,4,4,3,3,4,2,2,1,2,2,2,2,2,1,2,2,2,2,1,1,2,1,1,24,24,14,3,1,1,3,0.75,0.25,0.25,0.75,0.0,0.5,Neutral,Medium
623,vtsoz,1,5.0,63.0,4.0,40.0,3.0,3.333333333,6.0,2.0,2.0,Male,50.0,5,,9,,4,,5,1,4,2,4,4,2,6,6,6,2,2,2,2,2,2,1,1,1,2,2,1,1,2,1,2,2,2,2,2,2,1,2,2,24,24,80,4,0,3,1,1.0,0.0,0.75,0.25,0.75,0.25,Liberal,Medium
625,vtsoz,1,5.0,63.0,8.0,80.0,5.0,1.333333333,5.666666667,5.0,3.0,Male,24.0,8,,11,,3,,3,2,5,5,1,2,1,5,6,6,3,3,3,5,5,5,1,2,2,2,2,2,2,2,1,2,1,2,2,1,2,1,1,1,22,22,48,2,2,1,3,0.5,0.5,0.25,0.75,-0.25,0.25,Conservative,Medium
627,vtsoz,1,6.0,75.0,7.0,70.0,5.5,4.0,6.0,5.666666667,4.333333333,Male,28.0,7,,11,,4,,5,2,6,5,3,4,5,6,6,6,4,4,5,5,6,6,1,2,1,2,2,1,2,2,1,1,2,2,2,1,1,2,1,1,24,24,47,3,1,1,3,0.75,0.25,0.25,0.75,0.0,0.5,Neutral,Medium
628,vtsoz,1,6.0,75.0,7.0,70.0,5.0,3.0,5.666666667,5.0,4.0,Female,50.0,3,,4,,4,,3,2,5,5,2,2,5,5,6,6,3,4,5,5,5,5,1,2,1,2,2,2,2,2,2,1,2,2,2,1,1,1,1,2,24,24,4,3,1,1,3,0.75,0.25,0.25,0.75,0.0,0.5,Neutral,Medium
632,mttr,1,7.0,88.0,8.0,80.0,5.0,3.333333333,5.0,6.0,2.666666667,Female,51.0,7,,9,,4,,2,2,5,5,4,4,2,5,5,5,3,3,2,6,6,6,2,2,1,2,2,2,2,2,2,1,2,2,2,1,1,1,1,1,24,24,4,3,1,0,4,0.75,0.25,0.0,1.0,-0.25,0.75,Conservative,High
633,mttr,1,4.0,50.0,6.0,60.0,4.0,1.0,6.0,4.0,4.333333333,Male,57.0,7,,11,,5,,5,2,4,4,1,1,1,6,6,6,5,4,4,4,4,4,2,2,1,2,2,1,2,2,2,2,2,2,1,1,2,2,1,1,24,24,27,2,2,2,2,0.5,0.5,0.5,0.5,0.0,0.0,Neutral,Low
635,vtsoz,1,5.0,63.0,4.0,40.0,2.0,2.666666667,6.0,3.333333333,4.333333333,Male,53.0,4,,7,,4,,5,2,2,2,3,3,2,6,6,6,5,4,4,4,3,3,1,2,1,2,2,1,1,2,2,2,2,2,2,1,1,1,2,2,24,24,10,3,1,2,2,0.75,0.25,0.5,0.5,0.25,0.25,Liberal,Medium
638,mttr,1,4.0,50.0,7.0,70.0,5.0,2.0,6.0,4.333333333,6.0,Female,60.0,8,,4,,4,,4,2,5,5,2,3,1,6,6,6,6,6,6,5,4,4,2,2,1,2,2,1,2,2,2,1,2,2,2,1,2,2,1,2,24,24,13,3,1,3,1,0.75,0.25,0.75,0.25,0.5,0.0,Liberal,Low
639,mttr,1,7.0,88.0,9.0,90.0,6.0,1.666666667,6.0,5.333333333,3.666666667,Female,55.0,7,,11,,4,,1,2,6,6,2,1,2,6,6,6,4,3,4,5,5,6,2,2,2,2,2,2,2,2,2,1,2,2,2,2,1,1,1,2,24,24,6,4,0,1,3,1.0,0.0,0.25,0.75,0.25,0.75,Liberal,High
640,mttr,1,6.0,75.0,7.0,70.0,5.0,1.0,6.0,5.0,2.333333333,Male,53.0,8,,11,,6,,5,2,5,5,1,1,1,6,6,6,4,2,1,4,5,6,2,2,2,2,2,1,2,2,2,2,2,2,2,2,1,2,1,2,24,24,14,4,0,2,2,1.0,0.0,0.5,0.5,0.5,0.5,Liberal,Medium
642,vtsoz,1,4.0,50.0,7.0,70.0,5.5,5.0,6.0,6.0,2.666666667,Male,22.0,8,,11,,3,,5,2,5,6,5,5,5,6,6,6,4,2,2,6,6,6,2,2,1,2,2,1,2,2,1,2,2,1,1,1,1,2,1,1,24,24,33,1,3,1,3,0.25,0.75,0.25,0.75,-0.5,0.0,Conservative,Low
643,vtsoz,1,,,,,,,,,,Male,57.0,8,,10,,4,,5,2,3,2,4,2,4,6,6,5,4,2,4,2,2,2,1,1,1,2,2,1,1,2,1,1,2,1,2,1,1,2,2,2,18,18,4,2,2,3,1,0.5,0.5,0.75,0.25,0.25,-0.25,Liberal,Low
648,vtsoz,1,5.0,63.0,6.0,60.0,1.5,3.333333333,5.333333333,4.0,4.666666667,Male,30.0,8,,10,,4,,5,2,2,1,4,2,4,5,6,5,5,5,4,4,4,4,2,2,1,2,2,1,2,2,2,2,2,2,1,1,1,2,1,1,24,24,45,2,2,1,3,0.5,0.5,0.25,0.75,-0.25,0.25,Conservative,Medium
649,vtsoz,1,,,,,,,,,,Female,58.0,8,,10,,5,,4,2,5,5,5,4,5,5,5,5,5,5,5,4,4,5,1,2,1,2,2,1,2,2,1,2,2,2,2,2,2,2,2,2,19,19,21,4,0,4,0,1.0,0.0,1.0,0.0,1.0,0.0,Liberal,Low
651,vtsoz,1,6.0,75.0,8.0,80.0,6.0,3.333333333,6.0,2.333333333,3.666666667,Male,40.0,8,,12,Referendariat/2. Staatsexamen,5,,4,2,6,6,2,4,4,6,6,6,5,3,3,3,2,2,2,2,2,2,2,1,2,2,1,2,2,2,2,1,1,1,1,2,24,24,29,3,1,1,3,0.75,0.25,0.25,0.75,0.0,0.5,Neutral,Medium
652,vtsoz,1,4.0,50.0,8.0,80.0,1.0,2.0,6.0,2.666666667,4.333333333,Male,58.0,4,,8,,5,,2,2,1,1,2,2,2,6,6,6,5,4,4,3,2,3,1,2,1,2,2,2,2,2,1,1,2,2,2,1,2,2,1,2,24,24,47,3,1,3,1,0.75,0.25,0.75,0.25,0.5,0.0,Liberal,Low
653,vtsoz,1,4.0,50.0,7.0,70.0,2.5,1.0,6.0,1.333333333,4.333333333,Male,54.0,8,,11,,4,,4,2,3,2,1,1,1,6,6,6,5,4,4,1,1,2,1,2,1,2,2,1,2,2,1,1,2,2,2,1,2,2,1,2,24,24,7,3,1,3,1,0.75,0.25,0.75,0.25,0.5,0.0,Liberal,Low
655,vtsoz,1,7.0,88.0,7.0,70.0,4.5,2.333333333,6.0,3.333333333,3.333333333,Male,61.0,4,,5,,8,Hausfrau,5,2,5,4,2,2,3,6,6,6,4,3,3,2,4,4,2,2,1,2,2,1,2,2,2,1,2,2,2,2,2,1,1,1,24,24,13,4,0,1,3,1.0,0.0,0.25,0.75,0.25,0.75,Liberal,High
657,vtsoz,1,6.0,75.0,8.0,80.0,4.5,2.0,5.666666667,4.333333333,3.666666667,Female,54.0,7,,9,,4,,5,2,4,5,2,2,2,6,6,5,5,3,3,4,4,5,2,2,1,2,2,2,2,2,2,1,2,2,2,2,1,2,1,2,24,24,1,4,0,2,2,1.0,0.0,0.5,0.5,0.5,0.5,Liberal,Medium
658,mttr,1,4.0,50.0,10.0,100.0,4.0,2.666666667,6.0,2.0,3.0,Female,68.0,8,,11,,8,Pensionär,5,2,4,4,1,3,4,6,6,6,4,3,2,2,2,2,2,2,2,2,2,2,2,2,1,1,2,2,2,2,2,2,2,2,24,24,0,4,0,4,0,1.0,0.0,1.0,0.0,1.0,0.0,Liberal,Low
659,vtsoz,1,6.0,75.0,9.0,90.0,5.5,3.0,6.0,4.0,4.666666667,Male,30.0,8,,11,,5,,5,2,5,6,2,1,6,6,6,6,6,5,3,4,3,5,2,2,2,2,2,2,2,2,1,2,2,2,2,1,2,1,1,1,24,24,12,3,1,1,3,0.75,0.25,0.25,0.75,0.0,0.5,Neutral,Medium
660,mttr,1,3.0,38.0,4.0,40.0,4.0,3.0,6.0,4.333333333,1.666666667,Male,55.0,8,,10,,6,,2,2,5,3,2,3,4,6,6,6,2,2,1,4,4,5,1,1,1,2,2,1,2,2,2,2,2,2,2,1,2,2,2,2,24,24,15,3,1,4,0,0.75,0.25,1.0,0.0,0.75,-0.25,Liberal,Low
661,vtsoz,1,6.0,75.0,9.0,90.0,4.5,3.0,5.666666667,4.666666667,3.0,Male,54.0,6,,12,Fachlehrerin,5,,2,2,4,5,3,3,3,5,6,6,4,3,2,5,4,5,2,2,1,2,2,2,2,2,1,1,2,2,-9,2,2,1,1,1,21,21,50,3,0,1,3,0.75,0.0,0.25,0.75,0.0,0.5,Neutral,Medium
662,vtsoz,1,5.0,63.0,8.0,80.0,5.0,3.0,6.0,4.0,5.0,Female,30.0,8,,11,,5,,5,2,5,5,4,2,-9,6,6,6,5,5,5,4,4,4,2,2,1,2,2,1,2,2,1,1,2,2,2,1,1,2,1,2,24,24,40,3,1,2,2,0.75,0.25,0.5,0.5,0.25,0.25,Liberal,Medium
664,vtsoz,1,7.0,88.0,6.0,60.0,4.0,5.0,6.0,4.0,4.333333333,Male,37.0,8,,11,,4,,5,2,4,4,5,5,5,6,6,6,5,4,4,4,4,4,2,2,1,2,2,1,2,2,2,2,2,2,2,1,1,1,1,1,24,24,9,3,1,0,4,0.75,0.25,0.0,1.0,-0.25,0.75,Conservative,High
665,vtsoz,1,6.0,75.0,6.0,60.0,3.5,2.0,6.0,3.666666667,3.333333333,Male,30.0,7,,11,,4,,5,2,5,2,3,1,2,6,6,6,4,3,3,4,3,4,1,1,1,2,2,2,2,2,2,1,2,2,2,1,1,2,1,1,24,24,16,3,1,1,3,0.75,0.25,0.25,0.75,0.0,0.5,Neutral,Medium
670,vtsoz,1,4.0,50.0,4.0,40.0,4.0,3.666666667,5.0,3.333333333,3.666666667,Male,37.0,8,,10,,4,,5,1,4,4,4,4,3,5,5,5,4,4,3,4,3,3,1,1,1,2,1,1,2,2,2,1,2,2,2,1,2,2,2,1,24,24,217,3,1,3,1,0.75,0.25,0.75,0.25,0.5,0.0,Liberal,Low
673,vtsoz,1,4.0,50.0,5.0,50.0,2.0,3.333333333,6.0,5.0,4.333333333,Male,62.0,4,,4,,4,,4,2,3,1,3,3,4,6,6,6,5,4,4,5,5,5,1,2,1,2,2,1,2,1,1,2,2,1,1,1,1,2,1,1,21,21,1,1,3,1,3,0.25,0.75,0.25,0.75,-0.5,0.0,Conservative,Low
674,vtsoz,1,6.0,75.0,10.0,100.0,4.0,1.333333333,6.0,2.0,4.666666667,Female,40.0,8,,11,,5,,4,2,4,4,2,1,1,6,6,6,5,5,4,2,2,2,2,2,2,2,2,2,2,2,1,1,2,1,2,1,1,1,1,1,24,24,104,2,2,0,4,0.5,0.5,0.0,1.0,-0.5,0.5,Conservative,Medium
681,vtsoz,1,6.0,75.0,8.0,80.0,5.0,1.0,6.0,5.333333333,1.666666667,Female,68.0,8,,10,,4,,1,2,5,5,1,1,1,6,6,6,2,2,1,6,5,5,2,2,2,2,2,1,2,2,2,1,2,2,2,1,1,2,1,1,24,24,5,3,1,1,3,0.75,0.25,0.25,0.75,0.0,0.5,Neutral,Medium
683,vtsoz,1,4.0,50.0,5.0,50.0,5.0,2.666666667,6.0,5.0,2.0,Male,62.0,5,,5,,4,,3,2,5,5,1,4,3,6,6,6,2,2,2,5,5,5,1,2,1,2,1,1,2,2,2,1,2,2,1,1,1,2,2,1,24,24,33,2,2,2,2,0.5,0.5,0.5,0.5,0.0,0.0,Neutral,Low
684,mttr,1,6.0,75.0,8.0,80.0,4.0,1.0,6.0,5.0,2.0,Female,54.0,8,,10,,6,,4,2,4,4,1,1,1,6,6,6,2,2,2,5,5,5,2,2,1,2,2,2,2,2,2,1,2,2,2,2,2,1,2,1,22,22,14,4,0,2,2,1.0,0.0,0.5,0.5,0.5,0.5,Liberal,Medium
685,vtsoz,1,5.0,63.0,8.0,80.0,5.0,3.333333333,6.0,4.666666667,2.333333333,Male,41.0,8,,10,,4,,5,2,5,5,4,3,3,6,6,6,4,2,1,4,5,5,2,2,2,2,2,1,2,2,2,1,2,2,2,2,2,2,1,2,24,24,3,4,0,3,1,1.0,0.0,0.75,0.25,0.75,0.25,Liberal,Medium
686,vtsoz,1,6.0,75.0,7.0,70.0,5.0,1.333333333,5.0,6.0,2.0,Male,22.0,7,,1,,3,,5,2,5,5,2,1,1,5,5,5,3,2,1,6,6,6,2,2,1,2,2,2,1,2,2,1,2,2,2,1,1,2,1,1,24,24,38,3,1,1,3,0.75,0.25,0.25,0.75,0.0,0.5,Neutral,Medium
687,vtsoz,1,6.0,75.0,9.0,90.0,6.0,1.0,6.0,5.0,3.0,Female,56.0,4,,9,,4,,5,2,6,6,1,1,1,6,6,6,3,4,2,5,5,5,2,2,1,2,2,2,2,2,1,1,2,2,2,1,2,1,1,1,24,24,11,3,1,1,3,0.75,0.25,0.25,0.75,0.0,0.5,Neutral,Medium
688,mttr,1,,,9.0,90.0,5.5,1.0,5.666666667,5.0,3.0,Female,53.0,8,,11,,4,,4,2,5,6,1,1,1,6,6,5,5,2,2,5,5,5,2,2,2,1,2,2,2,2,1,1,2,2,2,2,1,2,1,1,20,21,0,4,0,1,3,1.0,0.0,0.25,0.75,0.25,0.75,Liberal,High
690,vtsoz,1,5.0,63.0,9.0,90.0,5.5,1.333333333,5.666666667,4.0,3.666666667,Female,26.0,8,,11,,3,,4,2,6,5,1,2,1,5,6,6,5,3,3,3,4,5,2,2,2,2,2,2,2,2,2,1,2,2,2,1,1,1,2,2,24,24,8,3,1,2,2,0.75,0.25,0.5,0.5,0.25,0.25,Liberal,Medium
692,vtsoz,1,4.0,50.0,8.0,80.0,4.0,1.333333333,6.0,4.0,3.0,Male,5.0,8,,11,,4,,5,2,4,4,1,1,2,6,6,6,4,3,2,4,4,4,1,2,2,2,2,2,2,2,2,1,2,2,2,2,2,2,2,2,23,23,8,4,0,4,0,1.0,0.0,1.0,0.0,1.0,0.0,Liberal,Low
693,vtsoz,1,4.0,50.0,6.0,60.0,2.0,3.0,6.0,3.0,,Female,58.0,4,,5,,4,,5,2,2,2,3,3,3,6,6,6,-9,-9,-9,3,3,3,1,2,1,2,2,1,2,2,2,1,2,2,1,1,1,2,2,1,24,24,20,2,2,2,2,0.5,0.5,0.5,0.5,0.0,0.0,Neutral,Low
695,vtsoz,1,5.0,63.0,6.0,60.0,5.0,2.0,6.0,4.0,3.0,Female,37.0,8,,10,,4,,5,2,5,5,2,1,3,6,6,6,3,3,3,4,4,4,2,2,1,1,2,1,2,2,2,1,2,2,2,2,2,2,1,2,24,24,16,4,0,3,1,1.0,0.0,0.75,0.25,0.75,0.25,Liberal,Medium
696,vtsoz,1,2.0,25.0,5.0,50.0,3.5,3.333333333,5.0,2.333333333,1.666666667,Male,80.0,6,,8,,8,Rente,5,2,4,3,2,4,4,5,5,5,2,2,1,4,1,2,1,1,1,2,2,1,2,2,2,1,2,2,1,1,2,2,2,2,24,24,4,2,2,4,0,0.5,0.5,1.0,0.0,0.5,-0.5,Liberal,Low
698,vtsoz,1,4.0,50.0,8.0,80.0,4.0,2.0,6.0,4.333333333,3.333333333,Male,47.0,8,,10,,5,,4,2,4,4,3,1,2,6,6,6,4,3,3,4,4,5,2,2,2,2,2,1,2,2,2,1,2,2,2,1,2,2,1,2,24,24,15,3,1,3,1,0.75,0.25,0.75,0.25,0.5,0.0,Liberal,Low
699,vtsoz,1,4.0,50.0,6.0,60.0,5.0,2.333333333,6.0,3.666666667,4.0,Male,28.0,5,,5,,4,,1,2,4,6,2,3,2,6,6,6,4,4,4,4,4,3,1,2,1,2,2,2,2,2,2,2,2,1,2,1,1,1,2,2,24,24,10,2,2,2,2,0.5,0.5,0.5,0.5,0.0,0.0,Neutral,Low
700,vtsoz,1,4.0,50.0,7.0,70.0,6.0,3.0,6.0,5.0,1.333333333,Male,50.0,4,,5,,4,,5,2,6,6,4,3,2,6,6,6,2,1,1,5,5,5,2,2,1,2,2,1,2,2,2,1,2,2,2,1,2,1,2,2,24,24,23,3,1,3,1,0.75,0.25,0.75,0.25,0.5,0.0,Liberal,Low
702,vtsoz,1,3.0,38.0,7.0,70.0,6.0,1.666666667,6.0,5.333333333,1.666666667,Female,51.0,6,,12,technische und soziale Berufsausbildung,4,,4,2,6,6,2,1,2,6,6,6,2,2,1,5,5,6,2,2,1,2,2,1,2,2,2,1,2,2,2,1,2,2,2,2,24,24,3,3,1,4,0,0.75,0.25,1.0,0.0,0.75,-0.25,Liberal,Low
705,vtsoz,1,6.0,75.0,7.0,70.0,2.0,1.666666667,5.333333333,4.0,5.333333333,Male,22.0,10,Bachelor,1,,3,,5,2,2,2,2,1,2,5,5,6,6,5,5,3,4,5,1,2,1,2,2,1,2,2,1,1,2,2,2,1,1,1,1,2,24,24,21,3,1,1,3,0.75,0.25,0.25,0.75,0.0,0.5,Neutral,Medium
707,vtsoz,1,5.0,63.0,9.0,90.0,5.0,2.0,6.0,4.0,3.666666667,Female,42.0,8,,11,,4,,5,2,5,5,2,2,2,6,6,6,4,3,4,4,4,4,2,2,2,2,2,2,1,2,1,1,2,2,1,1,1,2,1,1,24,24,41,2,2,1,3,0.5,0.5,0.25,0.75,-0.25,0.25,Conservative,Medium
708,vtsoz,1,5.0,63.0,8.0,80.0,4.0,3.0,5.0,4.0,3.666666667,Female,59.0,6,,5,,4,,4,2,4,4,4,2,3,5,5,5,5,3,3,4,4,4,2,2,1,2,2,2,2,2,2,1,2,2,2,1,2,2,1,1,24,24,60,3,1,2,2,0.75,0.25,0.5,0.5,0.25,0.25,Liberal,Medium
710,vtsoz,1,5.0,63.0,6.0,60.0,6.0,1.0,6.0,5.0,2.666666667,Male,52.0,8,,11,,6,,5,2,6,6,1,1,1,6,6,6,5,2,1,5,5,5,1,1,1,2,2,1,2,2,1,1,2,2,2,1,2,2,1,1,24,24,4,3,1,2,2,0.75,0.25,0.5,0.5,0.25,0.25,Liberal,Medium
711,mttr,1,4.0,50.0,9.0,90.0,4.0,2.666666667,5.0,3.666666667,2.0,Male,54.0,8,,10,,6,,4,2,4,4,3,1,4,5,5,5,3,2,1,2,3,6,2,2,2,2,2,1,2,2,1,1,2,2,2,2,2,2,2,2,24,24,3,4,0,4,0,1.0,0.0,1.0,0.0,1.0,0.0,Liberal,Low
712,vtsoz,1,3.0,38.0,6.0,60.0,3.5,2.0,6.0,2.0,4.666666667,Male,44.0,8,,10,,5,,5,2,4,3,2,1,3,6,6,6,5,5,4,2,2,2,2,2,1,2,2,1,2,2,2,2,2,2,2,1,2,2,2,2,24,24,29,3,1,4,0,0.75,0.25,1.0,0.0,0.75,-0.25,Liberal,Low
713,vtsoz,1,6.0,75.0,8.0,80.0,4.5,3.333333333,6.0,4.333333333,3.333333333,Male,27.0,8,,11,,3,,5,2,5,4,3,3,4,6,6,6,4,3,3,4,4,5,2,2,1,2,2,2,2,2,2,1,2,2,2,1,2,1,1,1,24,24,4,3,1,1,3,0.75,0.25,0.25,0.75,0.0,0.5,Neutral,Medium
714,vtsoz,1,5.0,63.0,6.0,60.0,4.0,1.0,6.0,5.0,4.333333333,Female,50.0,8,,11,,4,,1,2,4,4,1,1,1,6,6,6,5,4,4,5,5,5,1,2,1,2,2,1,2,2,2,1,2,2,2,1,2,2,1,1,24,24,10,3,1,2,2,0.75,0.25,0.5,0.5,0.25,0.25,Liberal,Medium
715,vtsoz,1,4.0,50.0,4.0,40.0,5.0,3.0,6.0,2.666666667,3.0,Male,51.0,6,,8,,4,,5,2,5,5,1,3,5,6,6,6,3,3,3,3,2,3,1,2,1,1,2,1,1,2,1,2,2,2,2,2,2,2,2,2,24,24,10,4,0,4,0,1.0,0.0,1.0,0.0,1.0,0.0,Liberal,Low
717,vtsoz,1,6.0,75.0,8.0,80.0,5.0,1.333333333,5.666666667,3.666666667,4.333333333,Male,57.0,5,,5,,4,,3,2,5,5,1,1,2,5,6,6,5,3,5,4,3,4,2,2,2,2,1,1,2,2,1,1,2,2,2,2,2,1,1,2,24,24,4,4,0,2,2,1.0,0.0,0.5,0.5,0.5,0.5,Liberal,Medium
718,vtsoz,1,,,7.0,70.0,2.5,3.333333333,5.0,3.0,6.0,Male,27.0,8,,11,,4,,5,1,3,2,4,3,3,5,5,5,6,6,6,3,3,3,2,2,1,2,2,1,2,2,1,2,2,1,2,1,1,2,1,2,20,20,108,2,2,2,2,0.5,0.5,0.5,0.5,0.0,0.0,Neutral,Low
720,vtsoz,1,3.0,38.0,7.0,70.0,3.0,3.666666667,6.0,3.666666667,3.0,Male,54.0,8,,11,,6,,4,2,3,3,4,3,4,6,6,6,3,3,3,4,3,4,2,2,1,2,2,1,1,2,1,1,2,2,2,1,2,2,2,2,24,24,4,3,1,4,0,0.75,0.25,1.0,0.0,0.75,-0.25,Liberal,Low
721,vtsoz,1,8.0,100.0,4.0,40.0,4.5,1.333333333,6.0,4.333333333,3.0,Male,59.0,8,,8,,4,,5,1,5,4,1,1,2,6,6,6,4,2,3,5,4,4,2,2,1,2,1,1,1,2,2,2,2,2,2,2,1,1,1,1,24,24,3,4,0,0,4,1.0,0.0,0.0,1.0,0.0,1.0,Neutral,High
723,vtsoz,1,4.0,50.0,7.0,70.0,5.0,2.666666667,5.0,3.0,3.666666667,Male,23.0,7,,1,,3,,5,1,5,5,4,2,2,5,5,5,4,4,3,3,3,3,1,2,1,2,2,2,2,2,1,2,2,2,2,2,2,2,2,2,24,24,33,4,0,4,0,1.0,0.0,1.0,0.0,1.0,0.0,Liberal,Low
724,vtsoz,1,4.0,50.0,5.0,50.0,5.0,2.333333333,5.0,5.0,2.0,Female,63.0,8,,10,,8,Rentner,1,2,5,5,2,3,2,5,5,5,2,2,2,5,5,5,2,2,1,1,2,1,2,1,2,1,2,2,2,2,2,2,2,2,22,22,47,4,0,4,0,1.0,0.0,1.0,0.0,1.0,0.0,Liberal,Low
726,vtsoz,1,3.0,38.0,7.0,70.0,5.0,2.333333333,6.0,4.0,3.0,Male,50.0,7,,10,,4,,1,2,5,5,2,1,4,6,6,6,4,3,2,4,4,4,2,2,1,2,2,1,2,2,2,1,2,2,2,1,2,2,2,2,24,24,43,3,1,4,0,0.75,0.25,1.0,0.0,0.75,-0.25,Liberal,Low
727,vtsoz,1,5.0,63.0,8.0,80.0,3.0,1.333333333,6.0,2.333333333,3.666666667,Male,28.0,7,,11,,3,,4,2,4,2,1,2,1,6,6,6,4,3,4,2,2,3,2,2,1,2,2,2,1,2,1,1,2,2,2,1,1,2,1,2,24,24,5,3,1,2,2,0.75,0.25,0.5,0.5,0.25,0.25,Liberal,Medium
729,vtsoz,1,4.0,50.0,5.0,50.0,5.5,1.666666667,6.0,5.333333333,3.666666667,Male,36.0,7,,1,,4,,4,2,5,6,1,2,2,6,6,6,5,4,2,5,6,5,1,2,1,2,2,1,2,2,2,2,2,2,2,1,2,2,2,1,24,24,23,3,1,3,1,0.75,0.25,0.75,0.25,0.5,0.0,Liberal,Low
730,vtsoz,1,3.0,38.0,6.0,60.0,2.5,1.666666667,5.333333333,4.0,4.333333333,Female,63.0,8,,11,,5,,5,2,3,2,2,1,2,5,6,5,5,4,4,4,4,4,1,2,1,2,2,1,2,2,2,1,2,2,2,1,2,2,2,2,24,24,10,3,1,4,0,0.75,0.25,1.0,0.0,0.75,-0.25,Liberal,Low
734,frnd,1,6.0,75.0,9.0,90.0,6.0,1.0,5.666666667,5.333333333,3.666666667,Male,22.0,8,,11,,3,,4,2,6,6,1,1,1,5,6,6,5,3,3,5,5,6,2,2,2,2,2,2,2,2,2,1,2,2,2,1,2,1,1,1,24,24,7,3,1,1,3,0.75,0.25,0.25,0.75,0.0,0.5,Neutral,Medium
736,vtsoz,1,8.0,100.0,5.0,50.0,3.0,3.666666667,6.0,3.0,3.0,Male,54.0,8,,11,,6,,4,1,3,3,3,4,4,6,6,6,3,3,3,3,3,3,1,2,1,2,2,1,2,2,2,2,2,2,2,2,1,1,1,1,22,22,4,4,0,0,4,1.0,0.0,0.0,1.0,0.0,1.0,Neutral,High
